Akun,Tweet,Lokasi
https://twitter.com/sastra_diaz,@bumnbersatu @mohmahfudmd @jokowi @Dennysiregar7 @ganjarpranowo @aniesbaswedan @prabowo @cakimiNOW @PdiperjuanganP @budimandjatmiko @ch_chotimah2 @LOVE_AG4EVER @detikcom @tribunnews @MARQUEZ__93 Ane sangat setuju bang,
https://twitter.com/HERMAWA87270689,"@Farrel1510 @Android_AK_47 @prabowo @jokowi Ga ngerti sejarah kah dia, kan ijazahnya palsu......",
https://twitter.com/goentz1,"Dalam unggahan tersebut, Prabowo bersama Najwa Shihab tampak asyik berdiskusi di ruang kerja Prabowo. 

#PrabowoUnggul
#BangkitBersama
Prabowo Subianto",
https://twitter.com/neinaadella07,"Jika Pilpres dilaksanakan saat ini,‚Äù kata Peneliti Senior LSN, Gema Nusantara saat jumpa pers daring hasil survei terbarunya, Sabtu 14 Januari 2023.
#PrabowoUnggul #IkutPakde Prabowo Subianto",
https://twitter.com/neinaadella07,"Survei Elektabilitas Prabowo Subianto di Pilpres 2024 Versi LSI 22 Januari 2024
#PrabowoUnggul #IkutPakde https://t.co/w9qDPz4WIX",
https://twitter.com/albert94953186,Prabowo Banjir Pujian Usai Hindari Karpet Merah Khusus Presiden dan Pemimpin G20: Manner dan Attitude Juara #PrabowoUnggul #IkutPakde Prabowo subianto https://t.co/6Rdi3pGai8,
https://twitter.com/Macanjkw,"Prabowo memberi JANJI, Jokowi memberi BUKTI. Buka mata lebar-lebar, berfikir dengan akal sehat. Jangan terpengaruh isu SARA, kita memilih Presiden bukan Pemimpin Agama",
https://twitter.com/JuliusWijarnako,"Pertama adalah konsolidasinya di berbagai daerah. 
#PrabowoUnggul #ikutPakde Prabowo Subianto",
https://twitter.com/goentz1,"""Diskusi bersama Mba Nana @najwashihab. Terima kasih sudah berkunjung ke kantor saya di Kementerian Pertahanan RI,"" tulis Prabowo di akun instagram pribadinya. 

#PrabowoUnggul
#BangkitBersama
Prabowo Subianto",
https://twitter.com/goentz1,"saat mengunjungi Kementerian Pertahanan RI, Kamis (2/3/2023). 

#PrabowoUnggul
#BangkitBersama
Prabowo Subianto",
https://twitter.com/goentz1,"Dalam unggahan tersebut jurnalis senior, Najwa Shihab terlihat akrab dan dekat dengan Prabowo Subianto 

#PrabowoUnggul
#BangkitBersama
Prabowo Subianto",
https://twitter.com/picywin,"@Bang_Garr @JieRahmah Rubicon
Indomie Yatai
Formula E
ARTIST AND STAFF
bapak prabowo subianto
Silent
Jalur
#HARAM
#TDS2inJAKARTA
Partai Prima
#KawalDavid
Dota 2
Nobita
Jeep
#KPKKenaPrank
Pika
R to V
Dekisugi
NICE TO MEET YOU BUILD",
https://twitter.com/polsek_lais,"Kapolri Jenderal Polisi Drs. Listyo Sigit Prabowo, https://t.co/KRxbTFGMCw., menjadi pemateri dalam Rakornas Badan Nasional Penanggulangan Bencana (BNPB) di Jakarta pada Kamis (2/3). Kapolri menyatakan pentingnya menguatkan manajemen risiko dalam menanggulangi potensi bencan. https://t.co/9q55ky9nCK",
https://twitter.com/goentz1,"Pertemuan itu terungkap melalui story Najwa Shihab yang merepost postingan Instagram Prabowo Subianto.

#PrabowoUnggul
#BangkitBersama
Prabowo Subianto https://t.co/H2RnfYI639",
https://twitter.com/JuliusWijarnako,"Survei dari Median ini dilakukan pada 22-26 Februari 2023.
#PrabowoUnggul #ikutPakde Prabowo Subianto",
https://twitter.com/akhbow,@kumparan Rahasia umum.,
https://twitter.com/UnameOne,"Menhan Prabowo di depan para prajurit Korps Marinir mengucapkan terimakasih atas pengangkatannya sebagai warga kehormatan Korps Marinir. 

Prabowo Subianto
#PrabowoNana2024
#BangkitBersama",
https://twitter.com/akhbow,@KompasTV lkkga,
https://twitter.com/openmindzero0,@Android_AK_47 @prabowo Ntar lagi nyawa yg ngilangin sejarah,
https://twitter.com/Ini_ajunk,Survei: Elektabilitas Prabowo di posisi pertama - ANTARA Lampung https://t.co/GstLeo9AOJ #PrabowoUnggul #BangkitBersama,
https://twitter.com/goentz1,"Najwa Shihab, terlihat merapat ke Prabowo Subianto. 

#PrabowoUnggul
#BangkitBersama
Prabowo Subianto https://t.co/wIUOxTurfK",
https://twitter.com/frmnsyh55775493,"""Meski santer terbaca dari media-media massa Ganjar punya peluang maju di koalisi KIB, tapi ada dua problema. Hubungannya dengan PDIP dan kader-kader dari KIB cukup kuat,"" kata Rico.
#PrabowoUnggul #IkutPakde Prabowo Subianto",
https://twitter.com/frmnsyh55775493,"Update Hasil Survei Elektabilitas Prabowo Subianto Pemilihan Presiden 2024 Hari ini
#PrabowoUnggul #IkutPakde https://t.co/Xv5v0bFaEd",
https://twitter.com/yantanu2_08,"@BANGSAygSUJUD @ch_chotimah2 @DarekaRendy @Kosim__ @Tinapira08 @Nilot__ @4Y4NKZ @rahmani_ima Nah itu dia 

Yg penting kita #satukomando arahan #prabowo untuk kawal  #jokowi selesaikan tugas dan meninggalkan anak bangsa hidup rukun damai dan bersatu 

Dan jangan jelek jelekan idola masing- masing.

Tapi ajakan Chusnul ngekor NOEL #prabowomania08
 juga gpp kan ? ü§™",
https://twitter.com/kumparan,Kapolri Jenderal Listyo Sigit Prabowo angkat bicara terkait 5 anggota Polda Jateng yang terlibat suap penerimaan calon siswa Bintara Polri Tahun Anggaran 2022. #newsupdate #update #news https://t.co/ZuBiq0IlSZ,
https://twitter.com/KompasTV,Survei Litbang Kompas: Prabowo Subianto Miliki Loyalis Pemilih Tertinggi https://t.co/j2MXSOCqSq,
https://twitter.com/angelica6dianne,"Update Hasil Survei Elektabilitas Prabowo Subianto Pemilihan Presiden 2024 Hari ini
#PrabowoUnggul #IkutPade Prabowo Subianto https://t.co/MRwveST6X8",
https://twitter.com/HarsayaPrabowo,"ü•∫ü•∫ü•∫ü•∫ #wallpaper #Cartoon #8thATA #ÂÜ¨Èö†Â∏∞Ë∑Ø #eiyu_anime 
Original: Lazarus7x https://t.co/I1bDxhRfZV",
https://twitter.com/polsek_lais,"Kapolri Bicarakan Upaya Manajemen Risiko Bencana

Kapolri Jenderal Polisi Drs. Listyo Sigit Prabowo, https://t.co/KRxbTFGMCw., menekankan pentingnya penguatan manajemen risiko bencana alam di Indonesia. Hal tersebut untuk menindaklanjuti instruksi Presiden RI Ir. H. Joko Widodo. https://t.co/kklA3rNqM8",
https://twitter.com/wiswayahe08,"10 Keunggulan Prabowo Dibanding Figur Lainnya untuk Maju di Pilpres 2024

#PrabowoUnggul 
#BangkitBersama

https://t.co/UMupVNSihd",
https://twitter.com/asef_dtt,"Kapolri Jenderal Polisi Drs. Listyo Sigit Prabowo, https://t.co/qt4WWA3nWC., menjadi pemateri dalam Rakornas Badan Nasional Penanggulangan Bencana (BNPB) di Jakarta pada Kamis (2/3). https://t.co/hJX3bCmZB7",
https://twitter.com/LubisDarlina,"Direktur Eksekutif SPIN Igor Dirgantara mengatakan, trend elektabilitas Prabowo cenderung menguat ketimbang periode sebelumnya.

#PrabowoUnggul 

#IkutPakde",
https://twitter.com/LubisDarlina,"""Jelang Akhir Tahun, Elektabilitas Prabowo Teratas.""

#PrabowoUnggul 

#IkutPakde",
https://twitter.com/LubisDarlina,"Prabowo meraih 33 persen pada jajak pendapat 3-13 Februari 2023 yang dilakukan Survei dan Polling Indonesia (SPIN).

#PrabowoUnggul 

#IkutPakde",
https://twitter.com/LubisDarlina,"Elektabilitas Prabowo sebagai Capres 2024 Teratas Versi Survei Populi Center

#PrabowoUnggul 

#IkutPakde",
https://twitter.com/LubisDarlina,"Dalam simulasi tersebut, sebanyak 58,8% responden lebih memilih pasangan Prabowo-Ganjar untuk menggantikan pemerintahan Jokowi. 

#PrabowoUnggul 

#IkutPakde",
https://twitter.com/LubisDarlina,"Selain itu, IPS melakukan simulasi yang memasangkan Prabowo-Ganjar dan Ganjar-Ridwan.

#PrabowoUnggul 

#IkutPakde",
https://twitter.com/LubisDarlina,"Hasilnya, sebanyak 19,8% publik menilai Ganjar cocok menjadi cawapres Prabowo.¬†

#PrabowoUnggul 

#IkutPakde",
https://twitter.com/LubisDarlina,"Hal ini membuat para pendukung Jokowi pada Pilpres 2014 dan 2019 menjatuhkan pilihan pada Prabowo. 

#PrabowoUnggul 

#IkutPakde",
https://twitter.com/LubisDarlina,"Survei IPS: Kinerja sebagai Menhan Jadi Faktor Utama Elektabilitas Prabowo Teratas

#PrabowoUnggul 

#IkutPakde",
https://twitter.com/LubisDarlina,"Apna membeberkan sejumlah faktor yang membuat elektabilitas Prabowo terus menguat dari waktu ke waktu. 

#PrabowoUnggul 

#IkutPakde",
https://twitter.com/HabibHakki,"@ekowboy2 Jgn terllu tinggi bereksPektasi nnt lho gk terima klu wan anies keok,lalu tuduh yg lain curang,,kalian kan laskar sakit hati dari th 2014,,klian eks fans nya Prabowo kemudian kecewa terus hijrah jadi fansnya capres yg wni keturunan yaman",
https://twitter.com/goentz1,"Unggah Momen Akrab dengan Najwa Shihab, Warganet Doakan Prabowo Jadi Presiden

#PrabowoUnggul
#BangkitBersama
Prabowo Subianto https://t.co/PHjYOegWjI",
https://twitter.com/wobowow,@F1 @ScuderiaFerrari @Carlossainz55 Debris??üòÇ https://t.co/2pkuwjbQlM,
https://twitter.com/Iqbalnyamala,"@Excel_Dee Saya nggak nyinyir ke Prabowo
Saya kritik Anies
Kalau Ganjar saya diamkan saja. Partai pendukungnya cuma PSI üòÇ. Eh ini termasuk nyinyir nggak sih?",
https://twitter.com/JHPrabowo,https://t.co/mzZEgvpfcT,
https://twitter.com/polsek_lais,"Kapolri Buka Rakernis Gabungan Divisi Polri T.A. 2023

Kapolri Jenderal Polisi Drs. Listyo Sigit Prabowo, https://t.co/KRxbTFGMCw., secara resmi membuka rapat kerja teknis gabungan empat Divisi yakni Divisi Humas, Divisi Hukum, Divisi Propam , Divisi TIK. https://t.co/yJoFoPrE1Z",
https://twitter.com/soffyajkt,"Semoga apa yang di niatkan tercapai pakk dan bisa membawa negara ini maju serta lebih baik lagi
#PrabowoUnggul Prabowo Subianto",
https://twitter.com/BANGSAygSUJUD,@emhamka08 @prabowo @Alie_Fahnoor @are_inismyname @bengkeldodo @DarekaRendy @florieliciouss @genx36545403 @Gerindra @KhoirilAnwar_ @Kosim__ Hati2 yg polos merindukan orang2 ikhlas yg mumpuni untuk matikan masa depan mereka lebih baik makin baik dan selalu baik #Prabowo semakin di hati ‚ù§üíû,
https://twitter.com/picywin,"@ZaraGiveaway @Bamban6W_17890X @ZaraClaims Rubicon
Indomie Yatai
Formula E
ARTIST AND STAFF
bapak prabowo subianto
Silent
Jalur
#HARAM
#TDS2inJAKARTA
Partai Prima
#KawalDavid
Dota 2
Nobita
Jeep
#KPKKenaPrank
Pika
R to V
Dekisugi
NICE TO MEET YOU BUILD",
https://twitter.com/enddrue,@Gerindra Semoga sukses min karena aku udah 2 periode dukung Pak Prabowo,
https://twitter.com/soffyajkt,"Semoga apa yang di niatkan tercapai pakk dan bisa membawa negara ini maju serta lebih baik lagi
#PrabowoUnggul Prabowo Subianto",
https://twitter.com/JHPrabowo,@KangSemproel Oohh Ibu sekarang yaa.. panggil tante donk,
https://twitter.com/gadotaja,Sikap pak menhan Enggan Injak Karpet Merah #PrabowoUnggul #IkutPakde Prabowo subianto https://t.co/nHKQH3ILKa,
https://twitter.com/soffyajkt,"Semoga apa yang di niatkan tercapai pakk dan bisa membawa negara ini maju serta lebih baik lagi
#PrabowoUnggul Prabowo Subianto",
https://twitter.com/JHPrabowo,@is_pelssy Orang keblinger,
https://twitter.com/mingskyyy_,"Andre Rosiade: Warga Sumbar Tetap Dukung Prabowo
#PrabowoUnggul #IkutPakde https://t.co/j0vgPdYpDM",
https://twitter.com/JHPrabowo,@dyahNeZza üòÖü§£,
https://twitter.com/deciiarifianti,@JadineGood üíöüíúü•∫ü§≤üèª,
https://twitter.com/JHPrabowo,@aylin_basyasya Kuncian,
https://twitter.com/temponewsroom,"Usaha mengejar kepentingan elektoral terlihat dari manuver kubu Prabowo dan Anies. Setelah membentuk koalisi partai pendukung, keduanya kini sama-sama mendekati Gubernur Jawa Timur Khofifah Indar Parawansa agar bersedia menjadi wakil mereka.

#MajalahTempo https://t.co/OxpU3o4oyN",
https://twitter.com/JHPrabowo,üò¢üò¢üò¢ gak ketawa,
https://twitter.com/deciiarifianti,@JadineGood Haduuuh sapa lagi ini kak? Wes embuh embuhüôÉ,
https://twitter.com/JHPrabowo,@NastarBubuk Naaahhh cocoookkk,
https://twitter.com/JHPrabowo,@Iyaaaa_iniaku Buat sendiri üòÖüòÖüòÖ,
https://twitter.com/Reilly_Prabowo,@koupapa_web3 @BUSON2025 Thanks for kindness ‚ù§,
https://twitter.com/Kimberley_20102,@emhamka08 @Gantijaman @genx36545403 @prabowo @bengkeldodo Kopi Hambalang‚Ä¶ Mas Rizky selalu sigap menyajikan üòÅ,
https://twitter.com/deciiarifianti,@JadineGood Andin adalah Mandaüíú selamanya,
https://twitter.com/dekade_08,"Buat yang penasaran kenapa sih Pak Prabowo semakin didukung okeh gen z, ini alasannya.

#prabowo #terusmajubersamaprabowo #dekade08 #mendingprabowo https://t.co/w5Kz6uf43k",
https://twitter.com/Hum4nNeRr0R_,"Prabowo Capres Teratas Hasil Musra XX Relawan Jokowi di Tarakan
#PrabowoUnggul #IkutPakde Prabowo Subianto https://t.co/Vye0bmS2uk",
https://twitter.com/Reilly_Prabowo,@tough_shark @BeepBoopBotz @boredsharksclub @mrfernando88,
https://twitter.com/PSGP2024,Dukung Prabowo Subianto sebagai Presiden Republik Indonesia 2024-2029 #Pilpres2024 #IndonesiaSemakinKuat,
https://twitter.com/PolrestaBeJeEm,"Kapolri Buka Rakernis Gabungan Divisi Polri T.A. 2023

Kapolri Jenderal Polisi Drs. Listyo Sigit Prabowo, https://t.co/zROk7Fey2t., secara resmi membuka rapat kerja teknis (rakernis) gabungan https://t.co/62VQZdcTyT",
https://twitter.com/Makanituenakwoy,@Android_AK_47 @prabowo Mantan kayaknya bg...,
https://twitter.com/polsek_lais,"‚ÄúSaya ucapkan apresiasi dan terima kasih kepada seluruh kepala divisi yang telah memberikan inovasi-inovasinya. Tentunya kita harapkan semua yang teman-teman lakukan semakin meningkatkan kepercayaan publik kepada institusi Polri.‚Äù
Jenderal Polisi Drs. Listyo Sigit Prabowo, https://t.co/zbn1XmdVKO",
https://twitter.com/Jomatxx,"@Android_AK_47 @prabowo Ini test nantang &amp; lagi tunggu komentar Prabowo. Berani kecam atau diam saja. 
Mau nunjukin ke semua TNI gua panglima tertinggi. Cold war start.",
https://twitter.com/sentotajah,@Android_AK_47 @prabowo Pengen tau aja akhir hidup org yg berani mengkaburkan sejarah itu seperti apa.,
https://twitter.com/hasanudinsajid,"@Fraksi_Gerindra Ini Photo menampilkan kekuatan Mbak Najwa, Pak Prabowo, terutama tukang Photonya. Wallahu a'lam",
https://twitter.com/riorriioo,https://t.co/q0Bk7SNJAN #ArbiSpace #ARS,
https://twitter.com/dikkambong_,Secara kapabilitas yang dimiliki Prabowo Subianto ga heran lagi si kalo banyak yang mengharapkan beliau jadi Presiden! #PrabowoUnggul Prabowo Subianto,
https://twitter.com/rkij_sukabumi,"Prabowo Subianto 33,1 persen, Ganjar Pranowo 22,1 persen, Anies Baswedan 20,9 persen, Ridwan Kamil 6,2 persen, AHY 4,3 persen, Erik Tohir 4,2 persen, Sandiaga Uno 2.8 persen,"" ucapnya.",
https://twitter.com/rkij_sukabumi,"Adapun elektabilitas capres yang banyak disebutkan namanya oleh responden urutan pertama masih Prabowo Subianto 30,2 persen, Ganjar Pranowo 19.8 persen, Anies Baswedan 19.4 persen, dan Ridwan Kamil 5.6 persen,"" ujar Peneliti Senior Indonesia Polling Stations, Alfin Sugianto",
https://twitter.com/dikkambong_,Secara kapabilitas yang dimiliki Prabowo Subianto ga heran lagi si kalo banyak yang mengharapkan beliau jadi Presiden! #PrabowoUnggul Prabowo Subianto,
https://twitter.com/Kapanla91,"Prabowo harus pandai-pandai memainkan peran dan meracik kekuatannya di lapangan.

#PrabowoUnggul
#BangkitBersama",
https://twitter.com/SyifaNadiray,"#RevolusiPutih telah menjadi salah satu program wajib Partai Gerindra yang telah dijalankan oleh kadernya sejak tahun 2009. Program yang dinisiasi oleh Prabowo Subianto ini bertujuan agar anak-anak kita dapat tumbuh kuat, sehat dan cerdas. ...",
https://twitter.com/Jumiasri,@Gerindra Konsisten tetap pak @prabowo  kalau mencalonkan lagi,
https://twitter.com/AgungPr78104742,@Fomo__in @AlpacaINU @RyanCrypto16,
https://twitter.com/JuliusWijarnako,"Secara spesifikasi, Ranpur Badak 6x6 dibuat berdasarkan kebutuhan TNI khususnya untuk mendukung satuan kavaleri.
#PrabowoUnggul #IkutPakde Prabowo Subianto",
https://twitter.com/JuliusWijarnako,"""Anoa dan komodo dari PT Pindad serta peralatan lainnya untuk angkatan laut dan angkatan udara,"" ujar Prabowo Subianto dalam keterangan resmi dikutip Senin (24/1/22).
#PrabowoUnggul #IkutPakde",
https://twitter.com/dikkambong_,Secara kapabilitas yang dimiliki Prabowo Subianto ga heran lagi si kalo banyak yang mengharapkan beliau jadi Presiden! #PrabowoUnggul Prabowo Subianto,
https://twitter.com/JuliusWijarnako,"""Secara simbolis kita serahkan beberapa alutsista produksi dalam negeri kita yaitu kendaraan berlapis baja ada Badak,"" ujar Prabowo Subianto dalam keterangan resmi dikutip Senin (24/1/22).
#PrabowoUnggul #IkutPakde",
https://twitter.com/JuliusWijarnako,"Kendaraan itu merupakan produksi PT Pindad.
#PrabowoUnggul #IkutPakde Prabowo Subianto",
https://twitter.com/Rulipas2,@Gerindra @progetto_P65 min. kalau mau reply gini minta acc Pak Prabowo dulu gak sih?,
https://twitter.com/adji_ojol,"Pendukung Jokowi di Kubu Ganjar Migrasi ke Prabowo, Menurut Survei Indostrategi #PrabowoUnggul #IkutPakde Prabowo Subianto https://t.co/mBsHEypijc",
https://twitter.com/albert94953186,Prabowo: Rugi Jika Memilih Calon Taruna Hanya Berdasarkan Suatu Kriteria seperti Tinggi Badan #PrabowoUnggul #IkutPakde Prabowo subianto https://t.co/A8zRQlG0V7,
https://twitter.com/JatengTV,"(03) Pemilik PT Perorangan menjadi pemeran utama dalam mengatur kebijakan perusahaannya, termasuk dalam hal pengolahan data dan keuangan. #ptperorangan #sange #ciptakerja #indonesia #umkm #ganjarpranowo #prabowo #aniesbaswedan #puanmaharani #pilpres2024 https://t.co/HRqCfZTPEG",
https://twitter.com/JatengTV,"(03) Pemilik PT Perorangan menjadi pemeran utama dalam mengatur kebijakan perusahaannya, termasuk dalam hal pengolahan data dan keuangan. #ptperorangan #sange #ciptakerja #indonesia #umkm #ganjarpranowo #prabowo #aniesbaswedan #puanmaharani #pilpres2024 https://t.co/HRqCfZUnue",
https://twitter.com/muhamadprbw,"@Gerindra @infotwitwor_ Minta pendapat ke mindra aja 
@Gerindra",
https://twitter.com/LubisDarlina,"Hasil survei POLSTAT menunjukkan jika pilpres dilaksanakan saat ini Prabowo Subianto dipilih oleh 33% responden. 

#PrabowoUnggul 

#IkutPakde",
https://twitter.com/LubisDarlina,"Survei Capres POLSTAT: Prabowo 33%, Ganjar 20,6%, Anies 19,4%

#PrabowoUnggul 

#IkutPakde",
https://twitter.com/LubisDarlina,"Selain di simulasi yang bersifat terbuka, Prabowo juga menempati posisi teratas dalam simulasi tertutup survei Median tersebut.

#PrabowoUnggul 

#IkutPakde",
https://twitter.com/LubisDarlina,"Survei: Elektabilitas Prabowo di Posisi Pertama dalam Simulasi Pilpres 2024

#PrabowoUnggul 

#IkutPakde",
https://twitter.com/LubisDarlina,"Survei Indostrategi juga memperlihatkan dari simulasi head to head, Prabowo unggul saat berhadapan dengan Ganjar maupun Anies.¬†

#PrabowoUnggul 

#IkutPakde",
https://twitter.com/JuliusWijarnako,"Transmisinya mengadopsi otomatik 6 percepatan.
#PrabowoUnggul #IkutPakde Prabowo Subianto",
https://twitter.com/SherynaTantri,@mingskyyy_ @JuliusWijarnako Prabowo akan indah pada waktunya pasti,
https://twitter.com/ngisormejo,"@sethrash666 akmil paling gokil, lulusan situ hartanya rata2 triluinan semua, mulai prabowo, luhut dll",
https://twitter.com/Aja6Saad,@DokterTifa Saya setuju klo Prabowo memimpin perang Krn dia bidang kemiliteran tp utk menjadi presiden yg baik dan bertanggung jwb terhadap bangsa TDK Harus dari seorang militer,
https://twitter.com/boyuum1,@Reia_76 Uoohh pantat yuuka üò≠üò≠üò≠‚ù§Ô∏è‚ù§Ô∏è‚ù§Ô∏èüñêÔ∏èüçëüñêÔ∏èüçë,
https://twitter.com/agusdwiprabowo,Wkwkwkwkwkwkwkwkwkwkwkwkwkwkwkwkwkwkwkwkwkwkwkwkwkwk,
https://twitter.com/Bunga___Namaku,@KaosBakoel @ch_chotimah2 Dibegoin Prabowo-Sandi yaa....ü§£ü§£ü§£,
https://twitter.com/Kapanla91,"Loyalisnya masih setia berada disekitar Prabowo sampai saat ini. 

#PrabowoUnggul
#BangkitBersama",
https://twitter.com/Kapanla91,"10 Keunggulan Prabowo Dibanding Figur Lainnya untuk Maju di Pilpres 2024

#PrabowoUnggul
#BangkitBersama",
https://twitter.com/JuliusWijarnako,"Lalu, seperti apa spesifikasi dan fungsi dari masing-masing ranpur serta rantis tersebut? Berikut ulasannya.
#PrabowoUnggul #IkutPakde Prabowo Subianto",
https://twitter.com/WulandaPrabowo,"setiakanlah cintaku, sejahterakanlah keluargaku, dan besarkanlah kemanfaatanku bagi sesama.",
https://twitter.com/UnameOne,"Angkatan Laut yang sangat kuat dan Korps Marinir yang sangat kuat. Karena itulah TNI AL akan kita perkuat, Marinir akan kita modernisasi,‚Äù tegas Menhan Prabowo.

Prabowo Subianto
#PrabowoNana2024
#BangkitBersama",
https://twitter.com/kanitanafiza,"Apa udh bisa blg, Semua akan Prabowo pd waktunya?
Pens najwa mana suaranyaa üòÖ",
https://twitter.com/Saico11M,"@Gerindra sehat sehat selalu pak @prabowo 

minDra aku durung diFB üòâ",
https://twitter.com/NovendraPutra4,@Gerindra Sehat selalu ayahnda @prabowo,
https://twitter.com/KingGaseng,"Perisapan musuh club biasa , latihan e guyon hehe",
https://twitter.com/denmasestu,@nafri_aytida @ricky_DCLXVI @Alfianwisnu087 @SukaFotoBis @BisKota_ Thermo king klasik,"Place(id='420f122b6bea262c', fullName='Lemahabang, Indonesia', name='Lemahabang', type='city', country='Indonesia', countryCode='ID')"
https://twitter.com/denmasestu,@arthawidhi @Alfianwisnu087 @ricky_DCLXVI @SukaFotoBis @BisKota_ Terima kasih banyak,"Place(id='420f122b6bea262c', fullName='Lemahabang, Indonesia', name='Lemahabang', type='city', country='Indonesia', countryCode='ID')"
https://twitter.com/Hum4nNeRr0R_,"Ramah,gagah dan ikhla dan tulus fix udah cocok jadi pemimpin bangsa 
#PrabowoUnggul Prabowo Subianto",
https://twitter.com/denmasestu,@iqiwqiw Betuls,"Place(id='420f122b6bea262c', fullName='Lemahabang, Indonesia', name='Lemahabang', type='city', country='Indonesia', countryCode='ID')"
https://twitter.com/denmasestu,@Widhi_Waskito @BisKota_ @ricky_DCLXVI @Alfianwisnu087 @SukaFotoBis Everlasting,"Place(id='420f122b6bea262c', fullName='Lemahabang, Indonesia', name='Lemahabang', type='city', country='Indonesia', countryCode='ID')"
https://twitter.com/harrispradana_,"Dukungan semakin  banyak mengalir dari berbagai pihak, semangat pak Prabowo Subianto!
#PrabowoUnggul Prabowo Subianto",
https://twitter.com/AdiPrabowo055,Tiap liat snapgram azka di japan https://t.co/e0iZUbCgih,
https://twitter.com/thegalihprabowo,"@unnesmenfess Sebelum POM Bensin Muntal, kiri jalan ada JNE sekaligus tempat jualan baju. Disitu shopee shipper.",
https://twitter.com/harrispradana_,"Dukungan semakin  banyak mengalir dari berbagai pihak, semangat pak Prabowo Subianto!
#PrabowoUnggul Prabowo Subianto",
https://twitter.com/_stalinorgel_,"Pas ngampus, saya lebih memilih B. Seenggaknya biar enggak keliatan kek bopung yang baru ketimpahan duren.",
https://twitter.com/harrispradana_,"Dukungan semakin  banyak mengalir dari berbagai pihak, semangat pak Prabowo Subianto!
#PrabowoUnggul Prabowo Subianto",
https://twitter.com/PolrestaBeJeEm,"Kapolri Jenderal Polisi Drs. Listyo Sigit Prabowo, https://t.co/zROk7Fey2t., menjadi pemateri dalam Rakornas Badan Nasional Penanggulangan Bencana (BNPB) di Jakarta pada Kamis (2/3). https://t.co/fJRoJnhQGp",
https://twitter.com/tantrisheryna,"""Terima kasih Bapak Menteri Pertahanan RI, @prabowo sudah berkenan ikut mendoakan Kota Medan,"" tulis Bobby.
#PrabowoUnggul #IkutPakde Prabowo Subianto",
https://twitter.com/tantrisheryna,"Bertemu di Medan, Prabowo Puji Kepemimpinan Bobby Nasution
#PrabowoUnggul #IkutPakde Prabowo Subianto",
https://twitter.com/Kawulo79,@Android_AK_47 @prabowo Mau diganti pak Jokowi,
https://twitter.com/JuliusWijarnako,"""Terimakasih atas kepercayaan Bapak Menhan dan Kementerian Pertahanan terhadap industri pertahanan, PT Pindad (Persero)."" ujar Abraham.
#PrabowoUnggul #IkutPakde Prabowo Subianto",
https://twitter.com/JuliusWijarnako,"Seluruh kendaraan tersebut dipergunakan untuk memperkuat sistem pertahanan yang ada di Tentara Nasional Indonesia.
#PrabowoUnggul #IkutPakde Prabowo Subianto",
https://twitter.com/akhbow,@kompascom ............,
https://twitter.com/mharfad354,"@SuperThamara @MDM_Rakindo @firzahusainInc Kami TDK peduli sama Ganjar mau partai apa, kami pendukung Jokowi.kami akan dukung Prabowo, yg penting bkn imigrant Yaman.",
https://twitter.com/_stalinorgel_,Lagi ngelas malah korsleting :'),
https://twitter.com/akhbow,@KompasTV Yakin bisa Pak?,
https://twitter.com/_stalinorgel_,@notahotdaddy @FMisanthropia Hanneman di sini cupu bener~,
https://twitter.com/damario04,"Prabowo , jokowi , prabowo , jokowi , SBY !!!",
https://twitter.com/damario04,"Prabowo , jokowi , prabowo , jokowi , SBY !!!",
https://twitter.com/DarmawangsaDar2,"@Android_AK_47 @prabowo Nanti dia lengser , ya ditulis lagi sejarah pak Harto nya ...main hapus aja, emang dia siapa",
https://twitter.com/sumsel24,31 Purnawirawan Perwira Tinggi TNI-POLRI Dukung Anies Baswedan Maju di Capres Berpasangan dengan AHY: Letjen TNI Purn. R. Ediwan Prabowo bersama 30 Purnawirawan Perwira Tinggi TNI-POLRI menyatakan dukungan terhadap Anies Baswedan Capres 2024. https://t.co/lw6ZS9AdKV,
https://twitter.com/PolrestaBeJeEm,"Kapolri Bicarakan Upaya Manajemen Risiko Bencana

Kapolri Jenderal Polisi Drs. Listyo Sigit Prabowo, https://t.co/zROk7Fe0cV., menekankan pentingnya penguatan manajemen risiko bencana alam di Indonesia. Hal tersebut untuk menindaklanjuti instruksi Presiden RI Ir. H. Joko Widodo https://t.co/BJFx3MnygY",
https://twitter.com/Gooneurysm,@Gunnersc0m Prefer Kieran Tierney all the way.,
https://twitter.com/zxnm88473822,"Sekjen DPP Gerindra Ajak Partai yang Sudah Punya Capres untuk Dukung Prabowo
#PrabowoUnggul #IkutPakde Prabowo Subianto",
https://twitter.com/kusnansaja14,"@Muhammad_Saewad Fix....prediksi / ketakutan PDIP yg akan jadi Presiden adalah Anies, bukan Prabowo ato Ganjar seperti di survei survei.",
https://twitter.com/Simajaya22,"TERAWANGAN orang awam desa,Pak Prabowo bergandengan dengan Kang Emil. Walau tidak dijamin jadi no one,namun lumayan lah.",
https://twitter.com/ferdi6_joe,@bumnbersatu @mohmahfudmd @jokowi @Dennysiregar7 @ganjarpranowo @aniesbaswedan @prabowo @cakimiNOW @PdiperjuanganP @budimandjatmiko @ch_chotimah2 @LOVE_AG4EVER @detikcom @tribunnews @MARQUEZ__93 S7pemilu ditunda agar KPU persiapan dgn baiküëåjgn sampai mudah digugat secara hukum artinya proses di KPU banyak kelemahan,
https://twitter.com/Arsyadrizall,"@Gerindra Emang yg paling masuk akal min Capres 2024 Pak @prabowo
1. Sudah tidak mengejar dunia karena beliau semua sudah dapat jadi Presiden memang karena Cinta NKRI.
Saya tidak melihat agenda apapun dari PAK prabowo selain memang ingin mengembalikan kejayaan Indonesia.
Kaos nya ukuran L",
https://twitter.com/heryaz_adie,Kasihani aku juga donk pak. Baru kemaren mengatakan niat rajin bayar dan lapor wajib pajak malah pejabat pajaknya kek gini. Kek sia2 aku bayar pajak dan lapor wajib pajak.,
https://twitter.com/PSGP2024,Dukung sepenuh hati Prabowo - Ganjar untuk indonesia semakin baik #Pilpres2024 #Prabowo #Ganjar #IndonesiaSemainMaju,
https://twitter.com/UmarSandi5,@Gerindra Berarti saya dkk masuk..2024 tetap @prabowo,
https://twitter.com/supramerah,Menghapus Jejakmu - @NOAH_ID eh peter pan sih..,
https://twitter.com/zxnm88473822,"Prawiro Indonesia Milenial Resmi Dukung Prabowo Capres 2024
#PrabowoUnggul #IkutPakde Prabowo Subianto",
https://twitter.com/HumasJatiasih,"Kapolri Jenderal Polisi Drs. Listyo Sigit Prabowo, https://t.co/VB4kWuJVaK., menjadi pemateri dalam Rakornas Badan Nasional Penanggulangan Bencana (BNPB) di Jakarta pada Kamis (2/3). https://t.co/vPKpE2GPtA",
https://twitter.com/heryaz_adie,@FuzaFirdaus @jalur5_ Harus benar benar diawasi takutnya salah sasaran masuk ke kantong bapak/ibu oknum pe****t üòÅ,
https://twitter.com/sxxgani,@iam_ayek @bengkeldodo @aniesbaswedan @ganjarpranowo @Evello12 @kurawa @4Y4NKZ @NgkongRoses @Bambangmulyonoo @MardaniAliSera @dyahajahdech @ekowboy2 @TalentaAndilau @RagilSemar @BangsaAbah Tp koq @prabowo diam aja...  aktivitas mantan mertuanya hilang dari sejarah üòÄüòÄüòÄ,
https://twitter.com/aggprbw,@ascasea DM aja kak.,
https://twitter.com/mbaksayang08,"Foto Pak Prabowo Waktu Muda
#sayang08 #dekade08 #prabowo #prabowosubianto #prabowopersatuanindonesia https://t.co/tEibzkz2or",
https://twitter.com/Alie_Fahnoor,"Tentara Nasional Indonesia bersama Rakyat bersatu menyusun Serangan 1 Maret sebagai tanda bahwa Indonesia tetap ada

Kini saatnya bersama membangun negeri agar lebih baik dan Pak #Prabowo mengajak kita semua untuk beriringan tanpa skat status, suku dan agama.

Yuk .... https://t.co/d72N238EzF",
https://twitter.com/_Si_Kucing,Hallo pak @prabowo https://t.co/ZP8K7pCPWr,
https://twitter.com/janehghghg65,"Gawat!
indomie yatai partai prima universitas brawijaya

#HariRPLDesa
#KanivaxBible 
#AniesPendukungOrmasRadikal 
#AniesDidukungKoruptor 
#AniesGaBener 
#AniesGagal 
#capres2024 
#viral 
#PrabowoBelaPetani 
#prabowo https://t.co/RRUdxyy0AD",
https://twitter.com/MNCkoranSINDO,Survei Litbang Kompas: Prabowo Subianto Capres 2024 dengan Loyalis Tertinggi https://t.co/gsVFzuYLj3,
https://twitter.com/Polres_Supiori_,"‚ÄúSaya ucapkan apresiasi dan terima kasih kepada seluruh kepala divisi yang telah memberikan inovasi-inovasinya. Tentunya kita harapkan semua yang teman-teman lakukan semakin meningkatkan kepercayaan publik kepada institusi Polri.‚Äù

Kapolri
Jend Polisi Drs. Listyo Sigit Prabowo https://t.co/T80KRTcvWL",
https://twitter.com/heryaz_adie,"Naik Logawa SGU - KK, awalnya AC panas banget pas masuk. Tapi bapak engineernya peka kalau AC kereta panas jadinya didinginin dan sejuk banget sepanjang perjalanan. @KAI121 https://t.co/UgDI4uP7zR",
https://twitter.com/podo_radong1,@Android_AK_47 @prabowo saksi hidupnya masih bnyak,
https://twitter.com/zxnm88473822,"Posko Prawiro Indonesia Milenial Resmi Berdiri, Siap Gaet Suara untuk Prabowo Subianto
#PrabowoUnggul #IkutPakde Prabowo Subianto",
https://twitter.com/HumasJatiasih,"Kapolri Bicarakan Upaya Manajemen Risiko Bencana

Kapolri Jenderal Polisi Drs. Listyo Sigit Prabowo, https://t.co/VB4kWuJVaK., menekankan pentingnya penguatan manajemen risiko bencana alam di Indonesia. Hal tersebut untuk menindaklanjuti instruksi Presiden RI Ir. H. Joko Widodo. https://t.co/eEuzcYsc4N",
https://twitter.com/lantasgianyar11,"Kapolri Buka Rakernis Gabungan Divisi Polri T.A. 2023

Kapolri Jenderal Polisi Drs. Listyo Sigit Prabowo, https://t.co/08TnA02Bek., secara resmi membuka rapat kerja teknis (rakernis) gabungan empat Divisi yakni Divisi Humas Polri, Divisi Hukum Polri, https://t.co/7sqdqcbfwh",
https://twitter.com/sintanr_,"Celana Denim Prevail Lite Fosarte
.
.
.
üîó https://t.co/v2GKlLu29w
.
.
.
Universitas Brawijaya haram official mv kiana pn jakpus silent bapak prabowo subianto Miss E sakura cleaning gelora buat konser jeno https://t.co/b5Dr84bo0I",
https://twitter.com/Polres_Supiori_,"Kapolri Jenderal Polisi Drs. Listyo Sigit Prabowo, https://t.co/vdRZ6c2pty., secara resmi membuka rakernis gabungan empat Divisi yakni Divhumas Polri, Divkum Polri, Divpropam Polri, DivTIK Polri di Gedung Rupattama, Mabes Polri, Jakarta, Kamis (2/3). https://t.co/hTJ51pL7wh",
https://twitter.com/yantanu2_08,"TAUKAH ANDA?
Disaat mata tertuju tragedi Kanjuruhan

Diam2 Akademi yg didirikan #prabowo telah berangkatkan Remaja Putri U17 Ke #Qatar
https://t.co/Mdg7PZ7i02

JIKA #PrabowoMania08 tau ?

Mungkin lebih rame dari berita @cokro_tv @ekokuntadhi1 ü§™

@OfficialiNewsTV @AimanWitjaksono https://t.co/eLlxzxN00b",
https://twitter.com/reslandak,"Kapolri Jenderal Polisi Drs. Listyo Sigit Prabowo, https://t.co/m2imxKoooT., menjadi pemateri dalam Rakornas Badan Nasional Penanggulangan Bencana (BNPB) di Jakarta pada Kamis (2/3). https://t.co/8YIgUhlB8n",
https://twitter.com/maspurnomoaja,@Android_AK_47 @prabowo Gmn pak @prabowo ? Males respon karna ga penting kah?,
https://twitter.com/JatengTV,(04) Pada PT Perorangan seluruh kendala dan resiko kerugian serta keuntungan akan dihadapi dan ditanggung oleh pemilik usaha itu sendiri. #ptperorangan #badanhukum #badanusaha #umkm #ganjarpranowo #prabowo #aniesbaswedan #puanmaharani #pilpres2024 https://t.co/HRqCfZTPEG,
https://twitter.com/ERahmatillah,@bumnbersatu @jokowi @prabowo @hulaihi @ganjarpranowo Sekaliber pemilu disamain kelas seminar. Nikah aja ditunda bisa bikin calon penganten jalannya miring apalagi pemilu... berabe urusannya,
https://twitter.com/zxnm88473822,"Bupati Sambas bersama ribuan peserta ikuti jalan sehat bersama Prabowo
#PrabowoUnggul #IkutPakde Prabowo Subianto",
https://twitter.com/Gr4sssss,@Cr7Ittihad @Yurissa_Samosir Prabowo-Ganjar next RI-1 2024.üëçüëçüëçüëåüëåüëåüáÆüá©üáÆüá©üáÆüá©,
https://twitter.com/prabowosandiag6,"masyarakat pendukung prabowo sandiaga, kirim berita terbaik dan sumber jelas ke https://t.co/Z6X6qSpFnZ untuk di posting di https://t.co/ydAolGqbbN",
https://twitter.com/adji_ojol,Survei mengukur tingkat popularitas dan akseptabilitas dari 12 tokoh publik. #PrabowoUnggul #IkutPakde Prabowo Subianto,
https://twitter.com/Ini_ajunk,"Joman Berpeluang Dukung Prabowo, Gerindra: Tak Bisa Halangi - IDN Times https://t.co/ix8R0kk915 #PrabowoUnggul #BangkitBersama",
https://twitter.com/HumasJatiasih,"""Saya ucapkan apresiasi dan terima kasih kepada seluruh KADIV yang telah memberikan inovasi-inovasinya. Tentunya kita harapkan semua yg teman-teman lakukan semakin meningkatkan kepercayaan publik kpd institusi Polri.‚Äù
Kapolri
Jenderal Polisi Drs. Listyo Sigit Prabowo, MSi https://t.co/WfToHk5qZH",
https://twitter.com/albert94953186,"kami mengadakan upacara bersama kader di tingkat daerah bersama pengurus DPP Partai Gerindra di Jakarta melalui media online‚Äù, kata anggota DPRD Kota Tanjungpinang,  #PrabowoUnggul #IkutPakde Prabowo Subianto",
https://twitter.com/HumasPolsekKot9,"Kapolri Jenderal Polisi Drs. Listyo Sigit Prabowo, https://t.co/oMMchhVg5R., menjadi pemateri dalam Rakornas Badan Nasional Penanggulangan Bencana (BNPB) di Jakarta pada Kamis (2/3). https://t.co/QjYNZfdZuT",
https://twitter.com/albert94953186,"Partai Gerindra Lakukan Serangkaian Kegiatan, Salah Satunya Sambangi Pondok Pesantren Al Ghazi #PrabowoUnggul #IkutPakde Prabowo Subianto https://t.co/6YanXxCPUQ",
https://twitter.com/cikilokidog,"Breaking news : Anies dan Prabowo Subianto Makin Sering ""Show Up"", Pengamat: Kejar Ketertinggalan Elektabilitas dari Ganjar - https://t.co/eiRY2p08tP - Nasional https://t.co/eiRY2p08tP https://t.co/hrYez862kl #PrabowoUnggul #BangkitBersama",
https://twitter.com/Ini_ajunk,"Posko Prawiro Indonesia Milenial Resmi Berdiri, Siap Gaet Suara untuk Prabowo Subianto Subianto - https://t.co/u05Qr9iSHf https://t.co/8ovjZ6TMRy #PrabowoUnggul #BangkitBersama",
https://twitter.com/adji_ojol,"Lima Kali Simulasi, Elektabilitas Prabowo Selalu Unggul, Dua Calon Ini Mengekor #PrabowoUnggul #IkutPakde Prabowo Subianto https://t.co/pDVQZYNrhX",
https://twitter.com/adaapaaja21,"Ribuan Masyarakat Ikuti Jalan Santai Gerindra, Seruan Prabowo Presiden 2024 Menggema
#PrabowoUnggul #IkutPakde Prabowo Subianto",
https://twitter.com/reslandak,"Kapolri Jenderal Polisi Drs. Listyo Sigit Prabowo, https://t.co/m2imxKoooT., menjadi pemateri dalam Rakornas Badan Nasional Penanggulangan Bencana (BNPB) di Jakarta pada Kamis (2/3). https://t.co/ZT8CFDDajK",
https://twitter.com/Jazine14,@Android_AK_47 @prabowo Maap sekarang saya sdh nganu sama si nganu jadi nganu,
https://twitter.com/Jhonkosmik,"Prabowo 33%
Ganjar 20,6%
Anies 20,0%

https://t.co/KIAV0qIdng",
https://twitter.com/prabowoYUDA,@Askrlfess Sedekah ke yatim/fakir/miskin,
https://twitter.com/bhangantho,"@ocha020424 @ekowboy2 Ada surveynya pemilih generasi z,anak muda memang Ganjar no 1,Prabowo 2,Ridwan Kamil 3,Anis 4.generasi z memang banyak pilih pak Ganjar Pranowo.",
https://twitter.com/WulandaPrabowo,semoga hari ini Anda dibahagiakan dengan cinta dan rezeki yang indah,
https://twitter.com/UnameOne,"‚ÄúMau tidak mau kalau Indonesia mau merdeka dan makmur, menjadi negara maju, kita harus punya TNI yang sangat kuat, 

Prabowo Subianto
#PrabowoNana2024
#BangkitBersama",
https://twitter.com/genx36545403,"Dan yang paling penting adalah para pemilih Prabowo memiliki basis dukungan lebih kokoh atau tidak labil dibanding pemilih kandidat lain

#PrabowoUnggul
#BangkitBersama",
https://twitter.com/genx36545403,"Kita bisa lihat bagaimana kedua tokoh ini terlihat begitu mesra dalam beberapa event pekerjaan. Bisa diartikan itu sebagai afirmasi Jokowi terhadap Prabowo.

#PrabowoUnggul
#BangkitBersama",
https://twitter.com/genx36545403,"Alasan berikutnya, Jokowi dan Prabowo yang telah dua kali bersaing pada pilpres sering terlihat akrab. Beberapa kali keduanya terlihat mengikuti agenda 
pemerintahan bersama, termasuk agenda Kemhan.

#PrabowoUnggul
#BangkitBersama",
https://twitter.com/genx36545403,"Pemilih Jokowi (pada) 2019 melihat Prabowo itu negarawan, mau menerima ajakan dari Presiden Jokowi untuk bergabung di kabinetnya (menjadi menteri pertahanan). 

#PrabowoUnggul
#BangkitBersama",
https://twitter.com/genx36545403,"Selain itu dia mengatakan faktor kebangsaan dan sosok Prabowo yang dinilai sebagai negarawan menjadi alasan lainnya.

#PrabowoUnggul
#BangkitBersama",
https://twitter.com/genx36545403,"Alasannya pemilih jokowi beralih ke Prabowo adalah karena Prabowo fokus menggarap dan menyelesaikan program-program amanat dari Jokowi di Kementerian Pertahanan (Kemhan).

#PrabowoUnggul
#BangkitBersama",
https://twitter.com/genx36545403,"Dua bulan terakhir fenomena migrasi para relawan Jokowi yang semula mendukung Ganjar Pranowo dan kini hijrah pilihan ke Prabowo tak bisa dibendung lagi.

#PrabowoUnggul
#BangkitBersama

https://t.co/uUmZQ4Cupa",
https://twitter.com/genx36545403,"Ini pada gilirannya diikuti oleh para pendukung setia Jokowi pada Pilpres 2014 dan 2019 menjatuhkan pilihan pada Prabowo. 

#PrabowoUnggul
#BangkitBersama

https://t.co/gkgNrcCFEh",
https://twitter.com/genx36545403,"Faktor lain yang turut berkontribusi signifikan terhadap menguatnya elektabilitas Prabowo adalah semakin eksplisitnya endorsement dari Presiden Jokowi terhadap pencapresan Ketua Umum Partai Gerindra tersebut.

#PrabowoUnggul
#BangkitBersama

https://t.co/dHYSGzgR2J",
https://twitter.com/genx36545403,"Kondisi ini bisa memberikan harapan kepada masyarakat Prabowo tidak korupsi saat menjadi presiden.

#PrabowoUnggul
#BangkitBersama",
https://twitter.com/genx36545403,"Ketiga, Prabowo figur yang matang secara finansial. 

#PrabowoUnggul
#BangkitBersama

https://t.co/DbqyQhdIe2",
https://twitter.com/genx36545403,"Hal ini tentu membuat Prabowo mampu menguasai bahasa asing yang dibutuhkan dalam misi-misi diplomasi Indonesia.

#PrabowoUnggul
#BangkitBersama",
https://twitter.com/genx36545403,"Kedua, Prabowo pernah menempuh pendidikan di luar negeri. 

#PrabowoUnggul
#BangkitBersama",
https://twitter.com/genx36545403,"Pertama, Prabowo memiliki karir kepemimpinan yang baik di bidang militer. 

#PrabowoUnggul
#BangkitBersama",
https://twitter.com/genx36545403,"Selain itu, Prabowo memang terbukti memiliki beberapa kelebihan, seperti :

#PrabowoUnggul
#BangkitBersama",
https://twitter.com/supramerah,"@kompascom Sudah disepakati bersama. Itu satu poin.
Kekerasan dlm pendidikan memang ga dibenarkan. Tapi terkadang murid bisa seenaknya di sekolah karena ga dibolehin ‚Äúmenyentuh‚Äù murid. Akhirnya serba salah. Meski tidak membenarkan, tp bisa memahami posisi dan keputusan gurunya.",
https://twitter.com/adaapaaja21,"Ia juga berharap, partai-partai yang ada di DPR RI maupun partai baru, mendukung Prabowo untuk menjadi calon presiden (capres) di Pemilu 2024.
#PrabowoUnggul #IkutPakde Prabowo Subianto",
https://twitter.com/adaapaaja21,"Sekjen DPP Gerindra Ajak Partai yang Sudah Punya Capres untuk Dukung Prabowo
#PrabowoUnggul #IkutPakde Prabowo Subianto",
https://twitter.com/AFdrmwnsyh,@Android_AK_47 @prabowo Kalau saya yg aneh tuh kenapa TNI ga protes ü§î,
https://twitter.com/cikilokidog,"Breaking news : Dikenal Sebagai Tokoh Militer, Prabowo Subianto Subianto Pernah jadi ... - https://t.co/IY3mLXWAev https://t.co/bZJ1UizHPX #PrabowoUnggul #BangkitBersama",
https://twitter.com/TaufikWidiarto,@detikcom Apa pak Prabowo bisa legowo seperti bu Mega yang g jadi nyalon di 2014 dan menyerahkan ke pak Joko?,
https://twitter.com/prabowomuda08,"Prabowo itu milik rakyat Indonesia, bukan ganya kader Partai Gerindra. Rakyat tersenyum dan bahagia dengan kehadiran Pak Prabowo dimana saja.

#masbowo #prabowo #prabowomuda #prabowosubianto #menhan #militer #2024PrabowoPresiden
#PrabowoPresiden2024 #Indonesia #menhanprabowo #fyp https://t.co/iNohmQiVkM",
https://twitter.com/xpeonys,"JAKET VARSITY KEREN

R to v indomie yatai safe flight dreamies nobita nini silent hospital playlist universitas brawijaya  blackpink miss e demi lovato daisy jones bapak prabowo subianto shizuka tiffany brand ambassador jimin who in seventeen cleaning renjun na jaemin thank you",
https://twitter.com/Panggil_N0ng,"Kalo Ganjar nyapres berpasangan dgn siapapun
Pasti kalah

Tp kalo Prabowo-Ganjar baru ok

Di sana keok",
https://twitter.com/SyarihadaAkbar,@Android_AK_47 @prabowo @Gerindra min gk lapor sama bos ente?,
https://twitter.com/PresisiPolsek,"Kapolri Jenderal Polisi Drs. Listyo Sigit Prabowo, https://t.co/e5RTdp10lc., menjadi pemateri dalam Rakornas Badan Nasional Penanggulangan Bencana (BNPB) di Jakarta pada Kamis (2/3). https://t.co/vHpBwFjIOU",
https://twitter.com/Hum4nNeRr0R_,"Prabowo sebelumnya sudah tiga kali kalah berlaga dalam Pilpres. Pada Pilpres 2009, Prabowo yang menjadi calon wakil Presiden bersama Megawati Soekarnoputri kalah dari pasangan Susilo Bambang Yudhoyono dan Boediono.
X#PrabowoUnggul #IkutPakde Prabowo Subianto",
https://twitter.com/SyarihadaAkbar,@Android_AK_47 @prabowo @MinmonPS7 lapor bang,
https://twitter.com/Hum4nNeRr0R_,"Prabowo Subianto Akan Putuskan Soal Pilpres 2024 di Rakernas Gerindra Pekan Ini
#PrabowoUnggul #IkutPakde Prabowo Subianto https://t.co/J9R3UzevSP",
https://twitter.com/genx36545403,"Naiknya elektabilitas Prabowo tidak terlepas dari tiga faktor utama adalah konsolidasinya di berbagai daerah.

#PrabowoUnggul
#BangkitBersama",
https://twitter.com/genx36545403,"Dalam sejumlah survei, Prabowo Subianto memang mengalami kenaikan elektabilitas dalam sejumlah hasil survei. 

#PrabowoUnggul
#BangkitBersama",
https://twitter.com/genx36545403,"Kenaikan ini selaras dengan dinamika yang terjadi pada aspek ketokohan, di mana Prabowo sebagai ketua umum partai turut mendulang suara yang signifikan.

#PrabowoUnggul
#BangkitBersama",
https://twitter.com/genx36545403,"Tercatat pemilih Prabowo dari generasi Z sebesar 16,6 persen. 

#PrabowoUnggul
#BangkitBersama",
https://twitter.com/genx36545403,"Adapun elektabilitas Prabowo dan Partai Gerindra meningkat secara bersamaan dari preferensi pemilih generasi Z. 

#PrabowoUnggul
#BangkitBersama",
https://twitter.com/genx36545403,"Prabowo Subianto memimpin dengan pemilih potensial loyalis sebesar 23,5 persen.

#PrabowoUnggul
#BangkitBersama",
https://twitter.com/genx36545403,"Kenaikan ini selaras dengan dinamika yang terjadi pada aspek ketokohan, di mana Prabowo sebagai ketua umum partai turut mendulang suara yang signifikan.

#PrabowoUnggul
#BangkitBersama",
https://twitter.com/genx36545403,"Hal itu  menunjukkan elektabilitas Prabowo mendulang penambahan signifikan 4 persen dibandingkan survei Oktober 2022.

#PrabowoUnggul
#BangkitBersama",
https://twitter.com/genx36545403,"Baru-baru ini menurut survei Litbang Kompas, elektabilitas Prabowo dan Partai Gerindra meningkat secara bersamaan dari preferensi pemilih generasi Z. 

#PrabowoUnggul
#BangkitBersama

https://t.co/RKe0K3yr2w",
https://twitter.com/genx36545403,"Pendukung tokoh capres untuk 2024 masih didominasi oleh tokoh yang mempunyai popularitas tinggi. Salah satunya adalah Prabowo.

#PrabowoUnggul
#BangkitBersama",
https://twitter.com/genx36545403,"Ketua Umum Partai Gerindra, Prabowo Subianto menjadi sosok potensial calon presiden (capres) dengan pemilih loyalis tertinggi. 

#PrabowoUnggul
#BangkitBersama",
https://twitter.com/genx36545403,"Prabowo Jadi Bakal Capres dengan Angka Pemilih Loyal Tertinggi

#PrabowoUnggul
#BangkitBersama

https://t.co/A7N40v6RgH",
https://twitter.com/DAzp16,@bumnbersatu @jokowi @aniesbaswedan @ch_chotimah2 @Dennysiregar7 @KompasEkonomi @detikcom @prabowo @ganjarpranowo @LOVE_AG4EVER @yunartowijaya @CakTugiman Kadang gemes tp juga merasa terhibur klw Oom ini sudah berdebat.,
https://twitter.com/pidressitubondo,"Kapolri Jenderal Polisi Drs. Listyo Sigit Prabowo, https://t.co/pYrIwn6EOR., menjadi pemateri dlm Rakornas Badan Nasional Penanggulangan Bencana di Jakarta. Kapolri menyatakan pentingnya menguatkan manajemen risiko dlm menanggulangi potensi bencana alam di Indonesia https://t.co/hoVLNmVJxJ",
https://twitter.com/KAPLAK_DENGKLAK,"@dara_darmayu @BangEdiii @prabowo @ganjarpranowo @aniesbaswedan Inyong baik partai, caleg maupun capres ya belum punya pilihan... 
Belajar dari pengalaman yg pernah inyong alami... 
Wait and see...",
https://twitter.com/sek_karangampel,"Kapolri Jenderal Polisi Drs. Listyo Sigit Prabowo, https://t.co/bOnAgppkBz., menjadi pemateri dalam Rakornas Badan Nasional Penanggulangan Bencana (BNPB) di Jakarta pada Kamis (2/3). https://t.co/sRonokJLq7",
https://twitter.com/harrispradana_,"Memaksimalkan sawah dan ladang yang sudah ada dan membuka lahan baru untuk pertanian,‚Äù tutup Budi. #PrabowoUnggul #IkutPakde Prabowo subianto",
https://twitter.com/harrispradana_,‚ÄúMeningkatkan ketahanan pangan dengan cara menormalisasi irigasi yang sudah ada dan membangun irigasi baru untuk mengairi sawah dan ladang. #PrabowoUnggul #IkutPakde Prabowo subianto,
https://twitter.com/harrispradana_,"Salah satunya, menurutnya, adalah dengan meningkatkan sumber daya manusia dengan memperbanyak pendidikan vokasi bidang pertanian. #PrabowoUnggul #IkutPakde Prabowo subianto",
https://twitter.com/harrispradana_,ketahanan pangan yang saat ini menjadi salah satu konsentrasi pemerintah perlu ditingkatkan. #PrabowoUnggul #IkutPakde Prabowo subianto,
https://twitter.com/harrispradana_,"Selain itu, Budi mengatakan jika nantinya Prabowo memimpin Indonesia pada periode tahun 2024-2029, #PrabowoUnggul #IkutPakde Prabowo subianto",
https://twitter.com/harrispradana_,"Mengatasi tantangan ekonomi yang sedang dihadapi, menjaga keharmonisan antar suku, budaya, agama, serta memberantas korupsi,‚Äù pesan Budi. #PrabowoUnggul #IkutPakde Prabowo subianto",
https://twitter.com/harrispradana_,"‚ÄúHarapannya, Prabowo betul-betul mewakafkan dirinya untuk rakyat Indonesia. 
#PrabowoUnggul #IkutPakde Prabowo subianto",
https://twitter.com/harrispradana_,"Ia berharap jika Prabowo terpilih sebagai Presiden Indonesia ke-8, Indonesia akan menjadi negara yang sejahtera, #PrabowoUnggul #IkutPakde Prabowo subianto",
https://twitter.com/harrispradana_,"‚ÄúKita terus kembangkan dan yang lain sedang dibentuk, karena harus orang yang tepat dan kredibel. Jangan asal tunjuk,‚Äù kata Budi. #PrabowoUnggul #IkutPakde Prabowo subianto",
https://twitter.com/harrispradana_,"Kabupaten Bandung Barat, Kabupaten Bandung, Tasik kota, Kabupaten Tasik, dan Kabupaten Pangandaran. #PrabowoUnggul #IkutPakde Prabowo subianto",
https://twitter.com/harrispradana_,"Saat ini, Budi melanjutkan, Prawiro Jawa Barat sudah memiliki pengurus di beberapa kabupaten/kota di antaranya; #PrabowoUnggul #IkutPakde Prabowo subianto",
https://twitter.com/harrispradana_,"yang tergabung dalam Prawiro Jawa Barat, siap mendukung bapak Prabowo Subianto sebagai Presiden Republik Indonesia 2024-2029,‚Äù ungkap Budi. #PrabowoUnggul #IkutPakde Prabowo subianto",
https://twitter.com/harrispradana_,"Kami selaku komunitas, ormas, LSM, ulama, akademisi, generasi milenial, hingga budayawan Jawa Barat Budi. #PrabowoUnggul #IkutPakde Prabowo subianto",
https://twitter.com/harrispradana_,‚ÄúFaktor-faktor tersebut yang membuat kami yakin mendukung Prabowo sebagai Presiden Indonesia. #PrabowoUnggul #IkutPakde Prabowo subianto,
https://twitter.com/pidressitubondo,"Kapolri Jenderal Polisi Drs. Listyo Sigit Prabowo, https://t.co/pYrIwn6EOR., menekankan pentingnya penguatan manajemen risiko bencana alam di Indonesia. Hal tersebut untuk menindaklanjuti instruksi Presiden RI Ir. H. Joko Widodo kepada jajaran TNI-Polri dan stakeholder terkait https://t.co/8dh3wKQ7Ma",
https://twitter.com/PresisiPolsek,"Kapolri Bicarakan Upaya Manajemen Risiko Bencana

Kapolri Jenderal Polisi Drs. Listyo Sigit Prabowo, https://t.co/e5RTdp10lc., menekankan pentingnya penguatan manajemen risiko bencana alam di Indonesia. https://t.co/x62B1QkkuK",
https://twitter.com/pyylahh1,"Jadi Capres Unggulan, Ini Sejumlah Faktor Prabowo Selalu Teratas di Survei
#PrabowoUnggul #IkutPakde Prabowo Subianto https://t.co/4iDE2Msl0H",
https://twitter.com/adaapaaja21,"Prawiro Indonesia Milenial Resmi Dukung Prabowo Capres 2024
#PrabowoUnggul #IkutPakde Prabowo Subianto",
https://twitter.com/pidressitubondo,"Kapolri Jenderal Polisi Drs. Listyo Sigit Prabowo, https://t.co/pYrIwn6EOR., secara resmi membuka rapat kerja teknis (rakernis) gabungan empat Divisi yakni Divisi Humas Polri, Divisi Hukum Polri, Divisi Propam Polri, Divisi Teknologi Informasi dan Komunikasi Polri https://t.co/heEKdKDzyX",
https://twitter.com/harrispradana_,‚ÄúFaktor-faktor tersebut yang membuat kami yakin mendukung Prabowo sebagai Presiden Indonesia. #PrabowoUnggul #IkutPakde Prabowo subianto,
https://twitter.com/harrispradana_,"karena berpengalaman dalam dunia militer, bergerak cepat dalam mengerjakan program pemerintah, hingga kemajuan rakyat. #PrabowoUnggul #IkutPakde Prabowo subianto",
https://twitter.com/harrispradana_,"Menteri Pertahanan ini juga dinilai sebagai tokoh yang memberikan solusi dari berbagai tantangan dinamika dunia global, #PrabowoUnggul #IkutPakde Prabowo subianto",
https://twitter.com/harrispradana_,memiliki keberanian dan sudah teruji kesetiaannya kepada NKRI. #PrabowoUnggul #IkutPakde Prabowo subianto,
https://twitter.com/harrispradana_,"sebagai Presiden menganggap Prabowo sosok pemimpin yang cakap dalam bekerja, #PrabowoUnggul #IkutPakde Prabowo subianto",
https://twitter.com/harrispradana_,"Ketua Prawiro Jawa Barat Budi Setiawan saat mendeklarasikan dukungan untuk Prabowo 
#PrabowoUnggul #IkutPakde Prabowo subianto",
https://twitter.com/harrispradana_,"92Deklarasi masyarakat yang bergabung dalam komunitas Prawiro itu diadakan di Mall BTC, Bandung, Jawa Barat, Jumat (17/2/2023). #PrabowoUnggul #IkutPakde Prabowo subianto",
https://twitter.com/harrispradana_,dan pondok pesantren mendeklarasikan dukungan bagi Prabowo Subianto untuk meneruskan kepemimpinan Jokowi dan menjadi Presiden RI di 2024. #PrabowoUnggul #IkutPakde Prabowo subianto,
https://twitter.com/harrispradana_,"JAKARTA - Sebanyak 64 Ketua Kelompok Relawan Joko Widodo di Jawa Barat (Jabar) bersama puluhan LSM, ormas, #PrabowoUnggul #IkutPakde Prabowo subianto",
https://twitter.com/harrispradana_,"Sebanyak 64 Ketua Kelompok Relawan Joko Widodo di Jabar bersama puluhan LSM, ormas, dan pondok pesantren mendeklarasikan dukungan bagi Prabowo Subianto menjadi Presiden RI di 2024. #PrabowoUnggul #IkutPakde Prabowo subianto https://t.co/do6l9zYGaJ",
https://twitter.com/harrispradana_,"Margin of error dalam survei ini kurang lebih 2,8% dan tingkat kepercayaan sebesar 95%.
#PrabowoUnggul #IkutPakde Prabowo subianto",
https://twitter.com/harrispradana_,"Responden yang dipilih ditentukan dengan metode multistage random sampling. 
#PrabowoUnggul #IkutPakde Prabowo subianto",
https://twitter.com/harrispradana_,"Survei SPIN kali ini melibatkan 1.230 responden.
#PrabowoUnggul #IkutPakde Prabowo subianto",
https://twitter.com/harrispradana_,"Selanjutnya, Gubernur Jawa Timur Khofifah Indar Parawansa sebesar 2,6% dan Ketua DPR Puan Maharani sebesar 2,5%. #PrabowoUnggul #IkutPakde Prabowo subianto",
https://twitter.com/harrispradana_,"Di bawah nama Kang Emil, ada Ketua Umum Partai Demokrat Agus Harimurti Yudhoyono (AHY) sebesar 3%. #PrabowoUnggul #IkutPakde Prabowo subianto",
https://twitter.com/harrispradana_,"Selanjutnya, Gubernur Jawa Barat Ridwan Kamil berada di posisi keempat dengan elektabilitas sebesar 8%. #PrabowoUnggul #IkutPakde Prabowo subianto",
https://twitter.com/harrispradana_,"Sementara Ganjar dan Anies hanya terpaut 0,6% saja,"" ujarnya. #PrabowoUnggul #IkutPakde Prabowo subianto",
https://twitter.com/harrispradana_,"""Selisih antara Prabowo dengan Ganjar dan Anies cukup meyakinkan berada di 12,4%. #PrabowoUnggul #IkutPakde Prabowo subianto",
https://twitter.com/harrispradana_,"Kemudian, disusul oleh Gubernur Jawa Tengah Ganjar Pranowo sebesar 20,6% dan Mantan Gubernur DKI Jakarta Anies Baswedan sebesar 20%. #PrabowoUnggul #IkutPakde Prabowo subianto",
https://twitter.com/harrispradana_,"Dalam survei SPIN kali ini, elektabilitas Ketua Umum Partai Gerindra itu mencapai 33%. 
#PrabowoUnggul #IkutPakde Prabowo subianto",
https://twitter.com/harrispradana_,"kata Direktur Lembaga Survei dan Polling Indonesia (SPIN) Igor Dirgantara saat memaparkan hasil survei secara daring, Minggu (19/2/2023). #PrabowoUnggul #IkutPakde Prabowo subianto",
https://twitter.com/harrispradana_,"""Sampai dengan Februari 2023, elektabilitas Prabowo masih bertahan sebagai calon presiden paling utama pilihan publik,"" #PrabowoUnggul #IkutPakde Prabowo subianto",
https://twitter.com/harrispradana_,Survei itu dilakukan pada 3-13 Februari 2023 di 34 Provinsi Indonesia. #PrabowoUnggul #IkutPakde Prabowo subianto,
https://twitter.com/harrispradana_,Elektabilitas Menteri Pertahanan Prabowo Subianto sebagai calon presiden (capres) 2024 masih tertinggi berdasarkan hasil survei terbaru Lembaga Survei dan Polling Indonesia (SPIN). #PrabowoUnggul #IkutPakde Prabowo subianto,
https://twitter.com/harrispradana_,"Menteri Pertahanan sekaligus Ketua Umum Partai Gerindra Prabowo Subianto
#PrabowoUnggul #IkutPakde Prabowo subianto https://t.co/Kly9CtVuzO",
https://twitter.com/humam_being,@JulianoMarvin2 Ngopi bang panjull,
https://twitter.com/pidressitubondo,"‚ÄúSaya ucapkan apresiasi &amp; terima kasih kpd seluruh kepala divisi yg telah memberikan inovasi2nya. Tentunya kita harapkan semua yg teman2 lakukan semakin meningkatkan kepercayaan publik kpd Polri.‚Äù

Kapolri
Jenderal Polisi Drs. Listyo Sigit Prabowo, https://t.co/pYrIwn6EOR. https://t.co/W0K8al2fLU",
https://twitter.com/Cmajor7777,@klipfahri @anismatta @Fahrihamzah @Partai_Gelora Mirip2 @prabowo nih...cocok,
https://twitter.com/pyylahh1,"Survei IPS: Kinerja sebagai Menhan Jadi Faktor Utama Elektabilitas Prabowo Teratas
#PrabowoUnggul #IkutPakde Prabowo Subianto https://t.co/nSdPIgVNXs",
https://twitter.com/bangowo08,"Celotehan Si Owo HIPMI
#bangowo #dekade08 #prabowo #prabowosubianto #prabowopersatuanindonesia https://t.co/v16Mzwzwdd",
https://twitter.com/AdrianaDaneen,"Prabowo Subianto : Ditantang Bertemu Najwa Shihab, Nikita Mirzani: Dia Berani Gak? - SINDOnews Lifestyle https://t.co/NyDfUinR2W #PrabowoUnggul #PrabowoSubianto #BangkitBersama",
https://twitter.com/ConstantinusMi,"Survei Median: Prabowo Unggul Tipis dari Ganjar dan Anies 
#PrabowoSubianto #PrabowoUnggul #BangkitBersama https://t.co/uyZDyr6jMB",
https://twitter.com/KramatJa3,"Kapolri Jenderal Polisi Drs. Listyo Sigit Prabowo, https://t.co/u6tuzYjkwf., menjadi pemateri dalam Rakornas Badan Nasional Penanggulangan Bencana (BNPB) di Jakarta pada Kamis (2/3). Kapolri menyatakan pentingnya menguatkan manajemen risiko dalam menanggulangi potensi bencana. https://t.co/BUeaEG01Mf",
https://twitter.com/JuliusWijarnako,"Pertama adalah konsolidasinya di berbagai daerah.
#PrabowoUnggul  Prabowo Subianto https://t.co/qDWfLWi6Aq",
https://twitter.com/JuliusWijarnako,"Survei median dilakukan pada 22-26 Februari 2023.
#PrabowoUnggul  Prabowo Subianto",
https://twitter.com/tantrisheryna,"Survei Median: Prabowo Unggul Tipis dari Ganjar dan Anies
#PrabowoUnggul #IkutPakde Prabowo Subianto",
https://twitter.com/JuliusWijarnako,"Skenario terakhir, Prabowo lagi-lagi menduduki urutan teratas dengan dipilih 25,2 persen responden.
#PrabowoUnggul  Prabowo Subianto",
https://twitter.com/adaapaaja21,"Posko Prawiro Indonesia Milenial Resmi Berdiri, Siap Gaet Suara untuk Prabowo Subianto
#PrabowoUnggul #IkutPakde Prabowo Subianto",
https://twitter.com/RaniaDanRayhan,"@HendraIsmail @Android_AK_47 @prabowo PKI ingin merubah sejarah Indonesia ala mereka. Sampai tdk ada dana sj maksa mau bangun ibu kita baru. Hutang sj numpuk mau mencapai 8000 triliun, tp demi berubahnya sejarah maka maksakan diri.",
https://twitter.com/cikilokidog,"Popularitas Prabowo Kian Moncer, Bacaleg Perempuan Diklaim Kepincut Masuk Gerindra - Tribun Muria https://t.co/elr67ndF1i",
https://twitter.com/ibnuprabowo_17,@gildicc @Dhesea_ https://t.co/9TFUG4psCg,
https://twitter.com/noyan_polsek,"Kapolri Jenderal Polisi Drs. Listyo Sigit Prabowo, https://t.co/9l9hNmr93m., menjadi pemateri dalam Rakornas Badan Nasional Penanggulangan Bencana (BNPB) di Jakarta pada Kamis (2/3). Kapolri menyatakan pentingnya menguatkan manajemen risiko dalam menanggulangi potensi bencana. https://t.co/ZKfgXvupDI",
https://twitter.com/KramatJa3,"Kapolri Bicarakan Upaya Manajemen Risiko Bencana

Kapolri Jenderal Polisi Drs. Listyo Sigit Prabowo, https://t.co/u6tuzYjkwf., menekankan pentingnya penguatan manajemen risiko bencana alam di Indonesia. Hal tersebut untuk menindaklanjuti instruksi Presiden RI Ir. H. Joko Widodo https://t.co/QTD5l4Jmgh",
https://twitter.com/albert94953186,"Dasco hingga Sandi Kompak di Acara Gerindra: Dukungan Penuh untuk Prabowo
#PrabowoUnggul #IkutPakde Prabowo Subianto https://t.co/gjZ0d98L3X",
https://twitter.com/bhektiprabowo,Sudah bulannya untuk merapikan rambut kembali https://t.co/DYZwaFYkUV,
https://twitter.com/harrispradana_,"Kemudian disusul pasangan Anies-AHY 31,8% dan Ganjar-Puan sebesar 26,4%. Sedangkan 6,3% responden belum memberikan jawaban.
#PrabowoUnggul  #IkutPakde Prabowo Subianto",
https://twitter.com/harrispradana_,"Hasilnya adalah pasangan Prabowo-Khofifah keluar sebagai pemenang putaran pertama dengan tingkat keterpilihan 35,5%.
#PrabowoUnggul  #IkutPakde Prabowo Subianto",
https://twitter.com/KramatJa3,"Kapolri Buka Rakernis Gabungan Divisi Polri T.A. 2023

Kapolri Jenderal Polisi Drs. Listyo Sigit Prabowo, https://t.co/u6tuzYjkwf., secara resmi membuka rapat kerja teknis (rakernis) gabungan empat Divisi yakni Divisi Humas Polri, Divisi Hukum Polri, Divisi Propam Polri https://t.co/UBOWArf3yB",
https://twitter.com/VIVAcoid,Survei Litbang Kompas: Prabowo Bakal Capres dengan Potensial Loyalis Tertinggi https://t.co/vBcVDZyd8j,
https://twitter.com/noyan_polsek,"Kapolri Bicarakan Upaya Manajemen Risiko Bencana

Kapolri Jenderal Polisi Drs. Listyo Sigit Prabowo, https://t.co/9l9hNmr93m., menekankan pentingnya penguatan manajemen risiko bencana alam di Indonesia. Hal tersebut untuk menindaklanjuti instruksi Presiden RI Ir. H. Joko Widodo https://t.co/ZVXprwyCD3",
https://twitter.com/adaapaaja21,"""Semoga ke depannya Bapak Bupati Sambas menjadi pemenang di #PrabowoUnggul #IkutPakde Prabowo Subianto Pilkada 2024.",
https://twitter.com/harrispradana_,"Selanjutnya, POLSTAT juga melakukan simulasi Pilpres dengan 3 pasangan.
#PrabowoUnggul  #IkutPakde Prabowo Subianto",
https://twitter.com/harrispradana_,"yang pasti untuk bisa berkontestasi di Pilpres 2024, elektabilitasnya juga turut mandek,"" ujarnya.
#PrabowoUnggul  #IkutPakde Prabowo Subianto",
https://twitter.com/harrispradana_,"Sementara itu Ganjar Pranowo dan Anies Baswedan yang hingga detik ini belum memiliki kendaraan
#PrabowoUnggul  #IkutPakde Prabowo Subianto",
https://twitter.com/harrispradana_,"Musra ini adalah wadah berbagai komponen pendukung Jokowi pada Pilpres 2014 dan 2019.
#PrabowoUnggul  #IkutPakde Prabowo Subianto",
https://twitter.com/harrispradana_,"Kelima mulai munculnya nama Prabowo dalam arena sirkuit Musra di berbagai daerah.
#PrabowoUnggul  #IkutPakde Prabowo Subianto",
https://twitter.com/harrispradana_,"Keempat, kata Apna, berpalingnya dukungan dari Jokowi Mania (JoMan) yang semula mendukung Ganjar kini mantap menjatuhkan pilihan pada Prabowo.
#PrabowoUnggul  #IkutPakde Prabowo Subianto",
https://twitter.com/harrispradana_,"Ketiga, Apna mengungkit sinyal endorsement dari Presiden Jokowi terhadap pencapresannya yang semakin kuat dan transparan.
#PrabowoUnggul  #IkutPakde Prabowo Subianto",
https://twitter.com/harrispradana_,"kedua pertemuan Prabowo dengan sejumlah tokoh yang memiliki efek elektoral cukup tinggi seperti Wali Kota Solo Gibran Rakabuming Raka serta Gubernur Jawa Timur Khofifah Indar Parawansa.
#PrabowoUnggul  #IkutPakde Prabowo Subianto",
https://twitter.com/harrispradana_,"Pertama karena kontribusinya sebagai Menteri Pertahanan,
#PrabowoUnggul #IkutPakde Prabowo Subianto",
https://twitter.com/harrispradana_,"Apna membeberkan sejumlah faktor yang membuat elektabilitas Prabowo terus menguat dari waktu ke waktu.
#PrabowoUnggul  #IkutPakde Prabowo Subianto",
https://twitter.com/harrispradana_,"elektabilitas Prabowo menunjukkan tren yang semakin menguat,"" kata peneliti senior POLSTAT, Apna Permana, dalam konferensi pers virtual, Rabu (22/2/2023).
#PrabowoUnggul  #IkutPakde Prabowo Subianto",
https://twitter.com/harrispradana_,"Dengan demikian jika dibandingkan dengan survei-survei sebelumnya, 
#PrabowoUnggul  #IkutPakde Prabowo Subianto",
https://twitter.com/harrispradana_,"""Hasil survei POLSTAT menunjukkan jika pilpres dilaksanakan saat ini Prabowo Subianto dipilih oleh 33% responden. 
#PrabowoUnggul  #IkutPakde Prabowo Subianto",
https://twitter.com/tantrisheryna,"Tak Gentar Anies Baswedan &amp; PKS, Gerindra Depok: Prabowo Negarawan yang Dicintai Rakyat
#PrabowoUnggul #IkutPakde Prabowo Subianto",
https://twitter.com/harrispradana_,"6. Erick Thohir: 3,4%
7. Sandiaga Uno: 2,6%
8. Puan Maharani: 1,9%
9. Airlangga Hartarto: 1,2%
10. Muhaimin Iskandar 0,9%
11. Undecided: 7,1%
#PrabowoUnggul  #IkutPakde Prabowo Subianto",
https://twitter.com/harrispradana_,"1. Prabowo Subianto: 33%
2. Ganjar Pranowo: 20,6%
3. Anies Baswedan: 19,4%
4. Ridwan Kamil: 6,4%
5. Agus Harimurty Yudhoyono: 3,5%
#PrabowoUnggul  #IkutPakde Prabowo Subianto",
https://twitter.com/harrispradana_,"Responden survei POLSTAT diberi pertanyaan, 'Seandainya saat ini dilaksanakan pilpres, siapakah yang Anda pilih dari 10 orang tokoh di bawah ini?' Prabowo mendapatkan elektabilitas 33 persen. B
#PrabowoUnggul  #IkutPakde Prabowo Subianto",
https://twitter.com/harrispradana_,"ama Prabowo Subianto ada di urutan teratas yang dipilih responden.
#PrabowoUnggul  Prabowo Subianto",
https://twitter.com/harrispradana_,"Responden awalnya diberi pertanyaan dan diminta memilih 10 nama capres yang telah disediakan.
#PrabowoUnggul  #IkutPakde Prabowo Subianto",
https://twitter.com/harrispradana_,"Teknik pengambilan sampel dilakukan secara acak (multistage random sampling).
#PrabowoUnggul  #IkutPakde Prabowo Subianto",
https://twitter.com/harrispradana_,"Pengumpulan data dilakukan dengan cara wawancara tatap muka.
#PrabowoUnggul  #IkutPakde Prabowo Subianto",
https://twitter.com/harrispradana_,"Margin of error dari survei ini berkisar di angka +/- 2,8 persen dengan tingkat kepercayaan 95%.
#PrabowoUnggul  #IkutPakde Prabowo Subianto",
https://twitter.com/harrispradana_,"Survei dilakukan pada 10-18 Februari 2023 dengan jumlah sampel responden sebanyak 1.220 berusia di atas 17 tahun.
#PrabowoUnggul  #IkutPakde Prabowo Subianto",
https://twitter.com/harrispradana_,"Ketua Umum Gerindra Prabowo Subianto unggul dari dua calon kuat lainnya, yaitu Gubernur Jawa Tengah Ganjar Pranowo dan Anies Baswedan.
#PrabowoUnggul  #IkutPakde Prabowo Subianto",
https://twitter.com/adaapaaja21,"Bupati Sambas bersama ribuan peserta ikuti jalan sehat bersama Prabowo
#PrabowoUnggul #IkutPakde Prabowo Subianto",
https://twitter.com/harrispradana_,"Survei Capres POLSTAT: Prabowo 33%, Ganjar 20,6%, Anies 19,4%
#PrabowoUnggul  #IkutPakde Prabowo Subianto",
https://twitter.com/harrispradana_,"Survei Capres POLSTAT: Prabowo 33%, Ganjar 20,6%, Anies 19,4%
#PrabowoUnggul  #IkutPakde Prabowo Subianto https://t.co/nAZEdHGAfv",
https://twitter.com/MilinealPrabowo,"Silaturahmi @MataNajwa dan @prabowo di Kementrian Pertahanan 

#najwa #PrabowoNana2024 #prabowo #PrabowoBelaPetani #PrabowoUnggul #PrabowoSubianto #prabowopresiden2024 #milenial #pelajar #mahasiswa #pemuda https://t.co/KtGYoGpFXb","Place(id='d16052cf1200267a', fullName='Menteng, Indonesia', name='Menteng', type='city', country='Indonesia', countryCode='ID')"
https://twitter.com/frmnsyh55775493,"Survei Polstat: Elektabilitas Prabowo Subianto Terus Meningkat
#PrabowoUnggul #IkutPakde https://t.co/2MyWVvFwZT",
https://twitter.com/grufmmy,"Outfit kondangan

R to v indomie yatai universitas brawijaya safe flight dreamies nobita nini rubicon silent hospital playlist blackpink miss e demi lovato daisy jones bapak prabowo subianto shizuka partai prima",
https://twitter.com/DodiWijaya03,"https://t.co/XBHn98pY93

#Prabowo #prabowopersatuanindonesia | Prabowo Subianto | Pak Prabowo Konsisten | #PrabowoPresiden | Bacaleg Gerindra

R to V | Universitas Brawijaya | Silent | #BSS8thWin",
https://twitter.com/tantrisheryna,"Elektabilitas Prabowo Subianto Tertinggi, Pengamat: Dia Terjun ke Masyarakat
#PrabowoUnggul #IkutPakde Prabowo Subianto",
https://twitter.com/adaapaaja21,"Survei Indo Strategi: Popularitas dan Akseptabilitas Prabowo Subianto Tertinggi
#PrabowoUnggul #IkutPakde Prabowo Subianto",
https://twitter.com/BudiChe,"@Android_AK_47 @prabowo Setahu saya yang benci berat sama Pak Harto itu PKI beserta anak cucunya yg belum tobat.

Saya percaya 100 % hasil penelitian Bambang Tri Mulyono.",
https://twitter.com/txtorangpabrik,@txtdarigajelas Ibu nya mirip pa prabowo,
https://twitter.com/eatPOKYC3S,@dwinoww @moviemenfes Knp gk tag aja disini @.prabowo,
https://twitter.com/BimataIndonesia,Prabowo Subianto Capres 2024 dengan Loyalis¬†Tertinggi https://t.co/9GZUhLr7DP,
https://twitter.com/POLSEKPAMEUNGP6,"Kapolri Jenderal Polisi Drs. Listyo Sigit Prabowo, https://t.co/yms06Nlm5P., menjadi pemateri dalam Rakornas Badan Nasional Penanggulangan Bencana (BNPB) di Jakarta pada Kamis (2/3). Kapolri menyatakan pentingnya menguatkan manajemen risiko https://t.co/SvLGtiVbo8",
https://twitter.com/prabowosandiag6,"masyarakat pendukung prabowo sandiaga, kirim berita terbaik dan sumber jelas ke https://t.co/Z6X6qSqddx untuk di posting di https://t.co/ydAolGqJ1l",
https://twitter.com/adji_ojol,Elektabilitas Prabowo Subianto Semakin Menguat #PrabowoUnggul #IkutPakde Prabowo Subianto https://t.co/M8Uxlg4Q5c,
https://twitter.com/ConstantinusMi,"Survei Indostrategi: Elektabilitas Prabowo Terus Naik, Tinggalkan Kandidat Lain
 #PrabowoSubianto #PrabowoUnggul #BangkitBersama https://t.co/DaxfveSygJ",
https://twitter.com/tantrisheryna,"Musyawarah rakyat (Musra) relawan Jokowi ke-XX digelar di Tarakan, Kalimantan Utara. 
#PrabowoUnggul #IkutPakde Prabowo Subianto",
https://twitter.com/tantrisheryna,"Prabowo Capres Teratas Hasil Musra XX Relawan Jokowi di Tarakan
#PrabowoUnggul #IkutPakde Prabowo Subianto",
https://twitter.com/Humasressanggau,"Kapolri Jenderal Polisi Drs. Listyo Sigit Prabowo, https://t.co/Iq8FgoFkVJ., menjadi pemateri dalam Rakornas Badan Nasional Penanggulangan Bencana (BNPB) di Jakarta pada Kamis (2/3). https://t.co/u9oNzhkASY",
https://twitter.com/papera_dpp,"Jumat Berkah DPC PAPERA JAKARTA BARAT Berbagi Dengan Jamaah sholat Jumat dan Masyarakat Sekitar Kantor DPC .

@prabowo 
@Gerindra 
@SudaryonoSudar 
@muzakirdon 

#prabowosubianto #prabowopresiden #papera #pedagangpejuangindonesiaraya #domuzakir #sudaryono #gerindra https://t.co/qVlFOTvKxO",
https://twitter.com/neinaadella07,"Survei: Sentimen Positif Prabowo Naik Terus, Persepsi Negatif di Media Sosial Kecil
#PrabowoUnggul #IkutPakde Prabowo Subianto https://t.co/anDhA2g70t",
https://twitter.com/polseklimbang4n,"Kapolri Jenderal Polisi Drs. Listyo Sigit Prabowo, https://t.co/aW0UWmAFGA., menjadi pemateri dalam Rakornas Badan Nasional Penanggulangan Bencana (BNPB) di Jakarta pada Kamis (2/3).Kapolri menyatakan pentingnya menguatkan manajemen risiko dalam menanggulangi potensi bencana alam https://t.co/UGp9zWAaWv",
https://twitter.com/palermoclan,"@Android_AK_47 @prabowo Semua yg ada dlm lingkaran istana, auto DONGO !!","Place(id='b0f1e0022c9f810a', fullName='Cileunyi, Indonesia', name='Cileunyi', type='city', country='Indonesia', countryCode='ID')"
https://twitter.com/albert94953186,"program masyarakat bebas cacingan, serta membagikan ratusan paket sembako. #PrabowoUnggul #IkutPakde Prabowo Subianto https://t.co/vh5JdzNosq",
https://twitter.com/bangtato08,"Rebajank Prabowo Bagi Motor
#bangtato #dekade08 #prabowo #prabowosubianto #prabowopersatuanindonesia https://t.co/vBTXDkBC0T",
https://twitter.com/POLSEKPAMEUNGP6,"Kapolri Buka Rakernis Gabungan Divisi Polri T.A. 2023

Kapolri Jenderal Polisi Drs. Listyo Sigit Prabowo, https://t.co/yms06Nlm5P., secara resmi membuka rapat kerja teknis (rakernis) gabungan empat Divisi https://t.co/gILsQFiTEx",
https://twitter.com/polseklimbang4n,"Kapolri Bicarakan Upaya Manajemen Risiko Bencana

Kapolri Jenderal Polisi Drs. Listyo Sigit Prabowo, https://t.co/aW0UWmAFGA., menekankan pentingnya penguatan manajemen risiko bencana alam di Indonesia. Hal tersebut untuk menindaklanjuti instruksi Presiden RI Ir. H. Joko Widodo https://t.co/TZ92BDYWpp",
https://twitter.com/polseklimbang4n,"Kapolri Buka Rakernis Gabungan Divisi Polri T.A. 2023

Kapolri Jenderal Polisi Drs. Listyo Sigit Prabowo, https://t.co/aW0UWmAFGA., secara resmi membuka rapat kerja teknis (rakernis) gabungan empat Divisi yakni Divisi Humas Polri, Divisi Hukum Polri, Divisi Propam Polri, https://t.co/Fj1foRMF4n",
https://twitter.com/Humasressanggau,"Kapolri
Jenderal Polisi Drs. Listyo Sigit Prabowo, https://t.co/Iq8FgoEN6b.
Saat membuka Rakernis Gabungan Divhumas Polri, Divkum Polri, Divpropam Polri, Div TIK Polri di Rupattama Mabes Polri, Jakarta Selatan, Kamis (2/3).",
https://twitter.com/neinaadella07,"Survei GRC: Elektabilitas Prabowo Tertinggi, Dianggap Tepat Gantikan Jokowi
#PrabowoUnggul #IkutPakde Prabowo Subianto https://t.co/NuMo3iVSrO",
https://twitter.com/JayapuraKota,"Kapolri Jenderal Polisi Drs. Listyo Sigit Prabowo, https://t.co/yq59HGab5Z., menjadi pemateri dalam Rakornas Badan Nasional Penanggulangan Bencana (BNPB) di Jakarta pada Kamis (2/3). https://t.co/VZcyruJVbU","Place(id='473acb78adf57217', fullName='Papua, Indonesia', name='Papua', type='admin', country='Indonesia', countryCode='ID')"
https://twitter.com/mingskyyy_,"Prabowo Bahas Military Training Area dengan Menteri Senior Singapura Theo Chee Hean
#PrabowoUnggul #IkutPade Prabowo Subianto https://t.co/cgPJgCL466",
https://twitter.com/Deviezta08,@Gerindra in @prabowo we trust üí™üòÅ,
https://twitter.com/Bermetamorposis,"@Gerindra @infotwitwor_ Tp disaat yang lain sibuk menutupi harta, admin gerindra masih mau menyelamatkan netijen dari hoax, Apalagi ntar masyarakat. Keren nih pak @prabowo .",
https://twitter.com/polsek_skjd,"Kapolri Jenderal Polisi Drs. Listyo Sigit Prabowo, https://t.co/Q9QWRD6IpJ., menjadi pemateri dalam Rakornas Badan Nasional Penanggulangan Bencana (BNPB) di Jakarta pada Kamis (2/3). https://t.co/3GwfhPVJ8Q",
https://twitter.com/WaluyoNani,"https://t.co/0Xu9WClHvI

#Prabowo #prabowopersatuanindonesia | Prabowo Subianto | Pak Prabowo Konsisten | #PrabowoPresiden | Bacaleg Gerindra

Rubicon | Universitas Brawijaya | Indomie Yatai | #HARAM",
https://twitter.com/UnameOne,"Di depan 2.000 prajurit Korps Marinir Menhan Prabowo menekankan, sebagai negara yang besar, luas dan kaya, Indonesia harus memiliki pertahanan yang kuat.

Prabowo Subianto
#PrabowoNana2024
#BangkitBersama",
https://twitter.com/agungpria1981,@Ibra_Ac_Milan @musekuproy @mihrabku @prabowo Kapasitasnya CAPRES !!!!,
https://twitter.com/adaapaaja21,Sekjen Gerindra: Semua Partai Adalah Sahabat Prabowo #PrabowoUnggul #IkutPakde Prabowo Subianto,
https://twitter.com/Humasressanggau,"Kapolri Bicarakan Upaya Manajemen Risiko Bencana

Kapolri Jenderal Polisi Drs. Listyo Sigit Prabowo, https://t.co/Iq8FgoFkVJ., menekankan pentingnya penguatan manajemen risiko bencana alam di Indonesia. https://t.co/w3eqgN6UII",
https://twitter.com/JayapuraKota,"Kapolri Jenderal Polisi Drs. Listyo Sigit Prabowo, https://t.co/yq59HGab5Z., menekankan pentingnya penguatan manajemen risiko bencana alam di Indonesia. Hal tersebut untuk menindaklanjuti instruksi Presiden RI Ir. H. Joko Widodo kepada jajaran TNI-Polri dan stakeholder terkait. https://t.co/XtFsen6s6C","Place(id='473acb78adf57217', fullName='Papua, Indonesia', name='Papua', type='admin', country='Indonesia', countryCode='ID')"
https://twitter.com/polsek_skjd,"Kapolri Bicarakan Upaya Manajemen Risiko Bencana

Kapolri Jenderal Polisi Drs. Listyo Sigit Prabowo, https://t.co/Q9QWRD6IpJ., menekankan pentingnya penguatan manajemen risiko bencana alam di Indonesia. https://t.co/47ScwJlzqF",
https://twitter.com/adiojanoski,Prabowo Subianto : Menhan Prabowo Subianto Terima Kunjungan Senior Minister Singapura ... - FRAKSI GERINDRA https://t.co/6i4miCbsxn #PrabowoUnggul #BangkitBersama #Prabowo,
https://twitter.com/tantrisheryna,"Menhan Prabowo Bahas Rencana Pembangunan Rumah Sakit Untuk TNI AD, AL, AU, dan Masyarakat
#PrabowoUnggul #IkutPakde Prabowo Subianto",
https://twitter.com/agungpria1981,"@Ibra_Ac_Milan @mihrabku @prabowo Rela mengorbankan pendukungnya masuk penjara yak ??? Jend kivlanzein, jend sunarko, dan masih banyak lagi , termasuk pak @mihrabku juga jadi korbannya ...",
https://twitter.com/Pratuji,@SHIBONKSOL @CoinMarketCap @arbitrum @hey_wallet Thanks,
https://twitter.com/KingGaseng,@superajik 1-3,
https://twitter.com/karawang_polsek,"Kapolri Jenderal Polisi Drs. Listyo Sigit Prabowo, https://t.co/GzYYhtwjJE., menjadi pemateri dalam Rakornas Badan Nasional Penanggulangan Bencana (BNPB) di Jakarta pada Kamis (2/3). https://t.co/KJhfiezh4P","Place(id='2b8a188e15cd8d6a', fullName='Klari, Indonesia', name='Klari', type='city', country='Indonesia', countryCode='ID')"
https://twitter.com/neinaadella07,"Elektabilitas Prabowo Kokoh di Puncak, Ganjar dan Anies Bersaing Ketat
#PrabowoUnggul #IkutPakde Prabowo Subianto https://t.co/qzCex4ixQC",
https://twitter.com/polsek_skjd,"Kapolri Jenderal Polisi Drs. Listyo Sigit Prabowo, https://t.co/Q9QWRD6IpJ., secara resmi membuka rapat kerja teknis (rakernis) gabungan 4 Divisi yakni Divisi Humas Polri, Divisi Hukum Polri, Divisi Propam Polri, Divisi Teknologi Informasi &amp; Komunikasi Polri di Mabes Polri https://t.co/ftx8UUiIKr",
https://twitter.com/Humasressanggau,"Kapolri Buka Rakernis Gabungan Divisi Polri T.A. 2023

Kapolri Jenderal Polisi Drs. Listyo Sigit Prabowo, https://t.co/Iq8FgoFkVJ., secara resmi membuka rapat kerja teknis (rakernis) gabungan empat Divisi yakni Divisi Humas Polri, Divisi Hukum Polri, Divisi Propam Polri, https://t.co/m31VejM2HI",
https://twitter.com/JayapuraKota,"Kapolri Jenderal Polisi Drs. Listyo Sigit Prabowo, https://t.co/yq59HGab5Z., secara resmi membuka rapat kerja teknis (rakernis) gabungan empat Divisi yakni Divisi Humas Polri, Divisi Hukum Polri, Divisi Propam Polri, Divisi Teknologi Informasi dan Komunikasi Polri. https://t.co/xIObEsPzXj","Place(id='473acb78adf57217', fullName='Papua, Indonesia', name='Papua', type='admin', country='Indonesia', countryCode='ID')"
https://twitter.com/KapuasTopik,"OK!
Shizuka  Khuntoria PN Jakpus Cleaning Service Doraemon Innalillahi KPAI Partai Prima Indomie Yatai Nobita bapak prabowo subianto Dota 2 yuta  ÂéöÂàá„Çä„Ç∏„Çß„Ç§„ÇΩ„É≥ Ê∏°Á±≥Áô∫Ë°® ÂÖÉËæ≤Ê∞¥ÁúÅÂÆòÂÉö Êó•ÈüìË≠∞ÈÄ£‰ºöÈï∑ „Çµ„Ç§„Éú„Ç¶„Ç∫ DBDÊò†ÁîªÂåñ Ê£ÆÂ¥é„É™„Éº„ÉÄ„Éº Ëªä„ÅÑ„Åô„ÉÜ„Éã„ÇπÂõΩÊûùÊÖéÂêæ„Åï„Çì  Resident Evil 4 Remake https://t.co/hOk8f8bfV0",
https://twitter.com/RendyWi67527372,"#StopBayarPajak
@EXCOPARTAIBURUH Proyek IKN akan dilanjutkan Anis , ingat SBY penipu , Jokowi dan Prabowo pun pembohong . Saya berharap @RamliRizal &amp; @saidiqbalorange yg memimpin negara dan turunkan utang negara juga turunkan pajak . rakyat miskin semakin kelaparan dan bunuh diri https://t.co/O8gj7BJEOJ",
https://twitter.com/cristinamelind4,"OK!
Shizuka  Khuntoria PN Jakpus Cleaning Service Doraemon Innalillahi KPAI Partai Prima Indomie Yatai Nobita bapak prabowo subianto Dota 2 yuta  ÂéöÂàá„Çä„Ç∏„Çß„Ç§„ÇΩ„É≥ Ê∏°Á±≥Áô∫Ë°® ÂÖÉËæ≤Ê∞¥ÁúÅÂÆòÂÉö Êó•ÈüìË≠∞ÈÄ£‰ºöÈï∑ „Çµ„Ç§„Éú„Ç¶„Ç∫ DBDÊò†ÁîªÂåñ Ê£ÆÂ¥é„É™„Éº„ÉÄ„Éº Ëªä„ÅÑ„Åô„ÉÜ„Éã„ÇπÂõΩÊûùÊÖéÂêæ„Åï„Çì  Resident Evil 4 Remake https://t.co/bIzCXg4ykC",
https://twitter.com/adji_ojol,Prabowo Bahas Military Training Area dengan Menteri Senior Singapura Theo Chee Hean #PrabowoUnggul #IkutPakde Prabowo Subianto https://t.co/sV9bWEazgp,
https://twitter.com/tantrisheryna,"Prabowo mengajak warga agar memilih Anies Baswedan-Sandiaga Uno dalam Pilkada Jakarta 2017.
#PrabowoUnggul #IkutPakde Prabowo Subianto",
https://twitter.com/tantrisheryna,"Prabowo Ajak Warga Kampung Akuarium Penjaringan Pilih Anies-Sandi
#PrabowoUnggul #IkutPakde Prabowo Subianto",
https://twitter.com/andiran09946728,"Najwa sihab mendatangi kantor Pak Prabowo
#prabowo #prabowopresiden2024 #prabowopersatuanindonesia #trending #presiden2024 #prabowopeduli #ikutpakde #bersamajuara #capres2024 #mendingprabowo #dekade08 #pemilu2024 https://t.co/6zj6SQFcab",
https://twitter.com/Macanjkw,"Pejabat bermasalah yang meminta perlindungan Prabowo (ARB, Anis Mata, Surya Dharma Ali, Luthfi Hasan) https://t.co/KH9u6FnvAx",
https://twitter.com/Muhamma48288841,"Ribuan Masyarakat Ikuti Jalan Santai Gerindra, Seruan Prabowo Presiden 2024 Menggema
#PrabowoUnggul #IkutPakde Prabowo Subianto",
https://twitter.com/HendraIsmail,"@Android_AK_47 @prabowo Pengubahan sejarah secara sistematis oleh rezim yg berkuasa, dimulai dari hari lahir pancasila yg diubah dari 18 agustus ke 1 juni, penghilangan peran habibie dlm sejarah brin, skrg penghilangan peran soeharto dlm serangan umum 1 maret",
https://twitter.com/karawang_polsek,"Kapolri Bicarakan Upaya Manajemen Risiko Bencana

Kapolri Jenderal Polisi Drs. Listyo Sigit Prabowo, https://t.co/GzYYhtwjJE., menekankan pentingnya penguatan manajemen risiko bencana alam di Indonesia. Hal tersebut untuk menindaklanjuti instruksi Presiden RI Ir. H. Joko Widodo https://t.co/Tl3baKXo0i","Place(id='2b8a188e15cd8d6a', fullName='Klari, Indonesia', name='Klari', type='city', country='Indonesia', countryCode='ID')"
https://twitter.com/KingGaseng,@pemadselalu Pesto neng anfield,
https://twitter.com/tantrisheryna,"Wajah Baru Pindad Maung 4X4 yang Dipakai Prabowo dan Jokowi
#PrabowoUnggul #IkutPakde Prabowo Subianto",
https://twitter.com/AAldhiaz,@Android_AK_47 @prabowo Haha @prabowo kok protest...meoong..meeoong..meeeooong,
https://twitter.com/KingGaseng,@superajik Pertanyaan sik wes ono jawabane üôè,
https://twitter.com/dekade_08,"@bengkeldodo @prabowo @kpukebumen @Gerindra @are_inismyname @KhoirilAnwar_ @emhamka08 @nurasmi69 @BANGSAygSUJUD @Alie_Fahnoor @florieliciouss PRABOWO MENANG DI 2024.
YAKIN MENANG !!!",
https://twitter.com/bimoheryprabowo,"@adnardn Nyari yg kayak gini, ini namanya apa ya?",
https://twitter.com/adiojanoski,"Kemenkeu Masih Lakukan Pendalaman Sebelum Bayar Utang ke Masyarakat Rp 258,6 Miliar https://t.co/twu53qUUVP #PrabowoUnggul #BangkitBersama #prabowo",
https://twitter.com/Rlowending,"@Gerindra Jadi penasaran pemetaan koresponden survey nya, sy 2 x pilih Prabowo dan 2024 sy Dan keluarga udah yakin gak milih beliau lagi",
https://twitter.com/sakureashi,@kuninuzshit @jokowi @prabowo DIEM NJENKK,
https://twitter.com/fathw25,Prabowo Siap Bertarung di Pilpres 2024 hingga Dukung Gibran Maju Pilgub - detikcom https://t.co/lvroEc2jut #PrabowoUnggul #BangkitBersama,
https://twitter.com/fathw25,"Prabowo Gencar Temui Kiai di Jatim, Usai Surabaya Kini Turun ke ... - Barometer Jatim https://t.co/S4Jw3A7CCu #PrabowoUnggul #BangkitBersama",
https://twitter.com/R_AlBargah,@GaTypoLagi Nunggu puan n prabowo lbh keren lg,
https://twitter.com/dekade_08,"Nama Subianto Dari Mana? Ini Asal Usul Subianto Pada Nama Prabowo. 

#prabowo #prabowosubianto #dekade08 #mendingprabowo #terusmajubersamaprabowo https://t.co/xK6o6XISAg",
https://twitter.com/Harumiii_kn,"Survei Terbaru Indonesia Polling Stations, Prabowo Unggul dari Ganjar dan Anies
#PrabowoUnggul #IkutPakde
Prabowo Subianto https://t.co/5EDH9QxM85",
https://twitter.com/Taufiq03535899,"@Android_AK_47 @prabowo Innaalillaahi, ini negara pemerintahnya pembalas dendam ya ...maaf saya mungkin gagal faham",
https://twitter.com/karawang_polsek,"Kapolri Bicarakan Upaya Manajemen Risiko Bencana

Kapolri Jenderal Polisi Drs. Listyo Sigit Prabowo, https://t.co/GzYYhtwjJE., menekankan pentingnya penguatan manajemen risiko bencana alam di Indonesia. Hal tersebut untuk menindaklanjuti instruksi Presiden RI Ir. H. Joko Widodo https://t.co/vITLXTeeBV","Place(id='2b8a188e15cd8d6a', fullName='Klari, Indonesia', name='Klari', type='city', country='Indonesia', countryCode='ID')"
https://twitter.com/CisurupanPolsek,"Kapolri Jenderal Polisi Drs. Listyo Sigit Prabowo, https://t.co/xWBXpF2mHo., menjadi pemateri dalam Rakornas Badan Nasional Penanggulangan Bencana (BNPB) di Jakarta pada Kamis (2/3). https://t.co/KZ8A8nsLto",
https://twitter.com/Muhamma48288841,"Dan parpol sudah mendeklarasikan capres, kita tetap akan ajak untuk bersama-sama mendukung Prabowo,"" ujarnya.
#PrabowoUnggul #IkutPakde Prabowo Subianto",
https://twitter.com/Muhamma48288841,"Sekjen DPP Gerindra Ajak Partai yang Sudah Punya Capres untuk Dukung Prabowo
#PrabowoUnggul #IkutPakde Prabowo Subianto",
https://twitter.com/Polsek_50Pku,"Kapolri
Jenderal Polisi Drs. Listyo Sigit Prabowo, https://t.co/VPCDpOIios.
_Saat membuka Rakernis Gabungan Divhumas Polri, Divkum Polri, Divpropam Polri, Div TIK Polri di Rupattama Mabes Polri, Jakarta Selatan, Kamis (2/3)._ https://t.co/uKYgmbxrKo",
https://twitter.com/OposisiOjol,"@Android_AK_47 @prabowo Bukti kalo PKI ada di rejim ini.
Hanya PKI yg dendam banget sama pak Harto",
https://twitter.com/Harumiii_kn,"Survei Terbaru Indonesia Polling Stations, Prabowo Unggul dari Ganjar dan Anies
#PrabowoUnggul #IkutPakde
Prabowo Subianto 
https://t.co/zhMHHck5SO",
https://twitter.com/PutraJayaHusin,"@Sorali_lali @bengkeldodo @prabowo Menjaga Keutuhan dan Kesatuan Bangsa Indonesia itu tugas semua Warga Negara, nggak ada hubungannya dengan Pak Prabowo.

Kalau mau berjuang agar Pak Prabowo agar jadi Presiden RI ya berjuang aja, nggak ada hubungannya dengan kewajiban semua Warga Negara menjaga persatuan.",
https://twitter.com/diponugroho91,Mba Nana ke kamtor Pak Prabowo https://t.co/Y2ycidjCV7,
https://twitter.com/Harumiii_kn,"Saiful Mujani: Ganjar Unggul di Sosmed, Disusul Anies, dan Prabowo
#PrabowoUnggul #IkutPakde
Prabowo Subianto https://t.co/ocXBVuJsc9",
https://twitter.com/SihumasResSkw,"Kapolri Jenderal Polisi Drs. Listyo Sigit Prabowo, https://t.co/RK9srJAcIm., menjadi pemateri dlm Rakornas Badan Nasional Penanggulangan Bencana (BNPB) di Jakarta (2/3). Kapolri menyatakan pentingnya menguatkan manajemen risiko dlm menanggulangi potensi bencana alam di Indonesia https://t.co/9jLJiFiOGs",
https://twitter.com/tantrisheryna,"Mantap! Prabowo Serahkan Ranpur dan Rantis Buatan Pindad ke TNI AD
#PrabowoUnggul #IkutPakde Prabowo Subianto",
https://twitter.com/ArgoPuro18,Mba nana mengunjungi kantor Prabowo https://t.co/4PBqqNsWBV,
https://twitter.com/Jangmirse,@Gerindra @lilithandpeach @progetto_P65 Kok mukanya mirip pak prabowo ya,
https://twitter.com/prabowo_dhony,Let's Play #Evertale! https://t.co/OpqyKkIofe,
https://twitter.com/Martaba45755240,"Najwa Sihab kedatangan tamu
#prabowo #prabowopresiden2024 #prabowopersatuanindonesia #trending #presiden2024 #prabowopeduli #ikutpakde #bersamajuara #capres2024 #mendingprabowo #dekade08 #pemilu2024 https://t.co/3XGucV0Vaa",
https://twitter.com/PSGP2024,Waspada! Jangan pilih capres yang antitesa Jokowi. Indonesia membutuhkan peran serta saudara untuk memilih Presiden yang mau meneruskan pembangunan #Pilpres2024,
https://twitter.com/Polsek_50Pku,"Kapolri Jenderal Polisi Drs. Listyo Sigit Prabowo, https://t.co/VPCDpOIios., menekankan pentingnya penguatan manajemen risiko bencana alam di Indonesia. Hal tersebut untuk menindaklanjuti instruksi Presiden RI Ir. H. Joko Widodo kepada jajaran TNI-Polri dan stakeholder terkait. https://t.co/pnkQKA4jJA",
https://twitter.com/dongengkatakita,@CNNIndonesia Karena partai petahana belum mampu orbititin kandidat yg mampu ngimbangin popularitas prabowo n anies.,
https://twitter.com/Harumiii_kn,"Saiful Mujani: Ganjar Unggul di Sosmed, Disusul Anies, dan Prabowo
#PrabowoUnggul #IkutPakde
Prabowo Subianto 
https://t.co/dqqNyalEun",
https://twitter.com/semarakredaksi,"PKS Pasangkan dengan Anies Baswedan di Pilpres 2024, Gerindra Yakin Sandi Uno Konsultasi ke Prabowo Dulu https://t.co/mcBQXJljiH lewat @semarak.co",
https://twitter.com/bangowo08,"Si Owo Perbaikan Ekonomi
#bangowo #dekade08 #prabowo #prabowosubianto #prabowopersatuanindonesia https://t.co/K0NEunWC1c",
https://twitter.com/BagyaPrabowo,ü§ó #Nendoroid #„Éë„ÉÉ„ÇØ„Éº„É©„É≥„Éâ #AnimeAwards #Ê∞¥ÁÄ¨„ÅÑ„ÅÆ„Çä https://t.co/FVHa5Fr3Cf,
https://twitter.com/Harumiii_kn,"Survei Median: Prabowo Unggul Tipis Di Semua Simulasi
#PrabowoUnggul #IkutPakde
Prabowo Subianto https://t.co/FgdB6vRBxq",
https://twitter.com/CisurupanPolsek,"Kapolri Bicarakan Upaya Manajemen Risiko Bencana

Kapolri Jenderal Polisi Drs. Listyo Sigit Prabowo, https://t.co/xWBXpF2mHo., menekankan pentingnya penguatan manajemen risiko bencana alam di Indonesia. https://t.co/Ww2shLVZYg",
https://twitter.com/HambaSa64911224,"Pak Prabowo kedatangan tamu
#prabowo #prabowopresiden2024 #prabowopersatuanindonesia #trending #presiden2024 #prabowopeduli #ikutpakde #bersamajuara #capres2024 #mendingprabowo #dekade08 #pemilu2024 https://t.co/H6YWOyLZTi",
https://twitter.com/CalonMa65635807,"Pak Prabowo kedatangan tamu Najwa Sihab
#prabowo #prabowopresiden2024 #prabowopersatuanindonesia #trending #presiden2024 #prabowopeduli #ikutpakde #bersamajuara #capres2024 #mendingprabowo #dekade08 #pemilu2024 https://t.co/hrtwLXnWbU",
https://twitter.com/pejuangnkri77,@jansen_jsp Lalu kubu mana yang ingin tunda pemilu Bang? Faktanya pak sby bu mega pak prabowo semua ingin pemilu sesuai jadwal,
https://twitter.com/Polsek_50Pku,"Jenderal Polisi Drs. Listyo Sigit Prabowo, https://t.co/VPCDpOIios.,menjadi pemateri dlm Rakornas Badan Nasional Penanggulangan Bencana (BNPB) di Jakarta pp Kamis(2/3).Kapolri menyatakan pentingnya menguatkan manajemen risiko dlm menanggulangi potensi bencana alam di Indonesia. https://t.co/E3IvFOTr8d",
https://twitter.com/ricky_aja_gitu,"@Gerindra 2014/2019 saya pemilih Pak Prabowo,untuk 2024 gak lg karna Pak Prabowo gak akan mampu jadi Presiden Ri maka nya kalah terus.",
https://twitter.com/KapuasTopik,"OK!
Shizuka  Khuntoria PN Jakpus Cleaning Service Doraemon Innalillahi KPAI Partai Prima Indomie Yatai Nobita bapak prabowo subianto Dota 2 yuta  ÂéöÂàá„Çä„Ç∏„Çß„Ç§„ÇΩ„É≥ Ê∏°Á±≥Áô∫Ë°® ÂÖÉËæ≤Ê∞¥ÁúÅÂÆòÂÉö Êó•ÈüìË≠∞ÈÄ£‰ºöÈï∑ „Çµ„Ç§„Éú„Ç¶„Ç∫ DBDÊò†ÁîªÂåñ Ê£ÆÂ¥é„É™„Éº„ÉÄ„Éº Ëªä„ÅÑ„Åô„ÉÜ„Éã„ÇπÂõΩÊûùÊÖéÂêæ„Åï„Çì  Resident Evil 4 Remake https://t.co/y7jkYHRxMC",
https://twitter.com/CisurupanPolsek,"Kapolri Buka Rakernis Gabungan Divisi Polri T.A. 2023

Kapolri Jenderal Polisi Drs. Listyo Sigit Prabowo, https://t.co/xWBXpF2mHo., secara resmi membuka rapat kerja teknis (rakernis) gabungan empat Divisi https://t.co/Ykn5FSGQbl",
https://twitter.com/Harumiii_kn,"Survei Median: Prabowo Unggul Tipis Di Semua Simulasi
#PrabowoUnggul #IkutPakde
Prabowo Subianto 
https://t.co/CpEoIzkmHl",
https://twitter.com/Pidak_Nglolet,"@Android_AK_47 @prabowo Kalo sdh menghamba, kacung ya bisanya nurut saja",
https://twitter.com/Akubknultramen,Prabowo sebut pertemuan Presiden dan menterinya adalah rahasia - ANTARA Jambi https://t.co/41HfgxP4x8 #PrabowoUnggul #BangkitBersama,
https://twitter.com/Akubknultramen,Menhan Prabowo Serahkan Bantuan Motor untuk Babinsa di ... - https://t.co/HTOBLt9oGa https://t.co/9g1iLIJzD6 #PrabowoUnggul #BangkitBersama,
https://twitter.com/riorriioo,@Kenzo_Ventures @rhinonftspace @oragarap @momochenming @TheEwansEffect,
https://twitter.com/AhsaniFakri,"Najwa Sihab mendatani kantor Pak Prabowo
#prabowo #prabowopresiden2024 #prabowopersatuanindonesia #trending #presiden2024 #prabowopeduli #ikutpakde #bersamajuara #capres2024 #mendingprabowo #dekade08 #pemilu2024 https://t.co/mKDz2Rt8vT",
https://twitter.com/frmnsyh55775493,"Spesifikasi Mobil Pindad yang Disopiri Prabowo bersama Presiden Jokowi
#PrabowoUnggul #IkutPakde Prabowo Subianto https://t.co/MJwEnIO3tT",
https://twitter.com/PolresBengkaya1,"Kapolri Jenderal Polisi Drs. Listyo Sigit Prabowo, https://t.co/O3o7oN0vjj., menjadi pemateri dalam Rakornas Badan Nasional Penanggulangan Bencana (BNPB) di Jakarta pada Kamis (2/3). Kapolri menyatakan pentingnya menguatkan manajemen risiko dalam menanggulangi potensi bencana https://t.co/tnZxTYug25",
https://twitter.com/Muhamma48288841,"Tetapi kami subjek yang ikut berkontribusi untuk bangsa dan negara yang sama sama kita ketahui bahwa mayoritas bonus demografi bangsa ini adalah gen z dan gen milenial,"" ujar Harry, Sabtu (25/2/2023).
#PrabowoUnggul #IkutPakde Prabowo Subianto",
https://twitter.com/DarekaRendy,"Selamat sore sahabat semua
#prabowoüáÆüá© https://t.co/SP78d2blXp",
https://twitter.com/Muhamma48288841,"Prawiro Indonesia Milenial Resmi Dukung Prabowo Capres 2024
#PrabowoUnggul #IkutPakde Prabowo Subianto",
https://twitter.com/Ini_ajunk,Prabowo Jadi Bakal Capres dengan Angka Pemilih Loyal Tertinggi - MSN https://t.co/bbGCi4sFJe #PrabowoUnggul #BangkitBersama,
https://twitter.com/tadiprabowo,"Sebagai lembaga yang bertanggung jawab atas pengelolaan keuangan negara, Kementerian Keuangan memiliki kewajiban untuk memastikan integritas dan akuntabilitas dalam seluruh aspek pengelolaan keuangan negara. Shg, Kementerian Keuangan perlu menindak tegas segala bentuk pelanggaran",
https://twitter.com/MamahAgam1,Najwa sihab datangi kantor Prabowo https://t.co/LibUtySPUv,
https://twitter.com/SyifaHaju2,Pak Prabowo kedatangan tamu https://t.co/Vv7tnHymjb,
https://twitter.com/kuninuzshit,@sakureashi @jokowi Atw ssma @prabowo,
https://twitter.com/adji_ojol,Prabowo Subianto siap bangun bangsa ini dengan ketegasannya #PrabowoUnggul #IkutPakde Prabowo Subianto https://t.co/7dFAjuwWLS,
https://twitter.com/ibnuprabowo_17,@gildicc @Dhesea_ Nomer 99 aceng jd donat https://t.co/uPYXAyxlws,
https://twitter.com/Sekbringin86,"Kapolri Jenderal Polisi Drs. Listyo Sigit Prabowo, https://t.co/RWiZvFWUcT., menjadi pemateri dalam Rakornas Badan Nasional Penanggulangan Bencana (BNPB) di Jakarta pada Kamis (2/3). https://t.co/exip9MsnoP",
https://twitter.com/bangtato08,"Rebajank Bintang Prabowo
#bangtato #dekade08 #prabowo #prabowosubianto #prabowopersatuanindonesia https://t.co/6CdsZEUD8g",
https://twitter.com/Hendrikorachman,"Penundaan pemilu tdk bisa melalui @DivHumas_Polri pk @ListyoSigitP utk daerah&amp; penundaan pemilu utk pusat @Kemhan_RI pk @prabowo . Hrs melalui @MahkamahAgung jika force majeure di @KPU_ID 
Cc @jokowi @jansen_jsp @puanmaharani_ri @LaNyallaMM1 @Fahrihamzah @cakimiNOW @tifsembiring",
https://twitter.com/Dila9918,"Najwa sihab mendatangi kantor pak Prabowo
#prabowo #prabowopresiden2024 #prabowopersatuanindonesia #trending #presiden2024 #prabowopeduli #ikutpakde #bersamajuara #capres2024 #mendingprabowo #dekade08 #pemilu2024 https://t.co/dIhydUP7wj",
https://twitter.com/Andre_ScoO,"Duet maut paslon Ganjar - Prabowo akan memenangkan pemilu tahun 2024

#GanjarPrabowo #MajuGanjarPrabowo #DukungGanjarPrabowo #GanjarPrabowoPilihanRakyat #IndonesiaMaju https://t.co/kG9be9xx0s",
https://twitter.com/tadiprabowo,Anggaran Pendapatan dan Belanja Negara (APBN) merupakan alat penting bagi pemerintah untuk membiayai program dan kegiatan yang dapat membantu mensejahterakan rakyat.,
https://twitter.com/banghaaan,@Gerindra @trwbleisafriend @Bleku2 @gtwnapain @luqmaanmhmd @sbyfess Pak prabs liat nih paak @prabowo,
https://twitter.com/Muhamma48288841,"Posko Prawiro Indonesia Milenial Resmi Berdiri, Siap Gaet Suara untuk Prabowo Subianto
#PrabowoUnggul #IkutPakde Prabowo Subianto",
https://twitter.com/RismandiH,"Najwa Sihab datang kekantor pak Prabowo
#prabowo #prabowopresiden2024 #prabowopersatuanindonesia #trending #presiden2024 #prabowopeduli #ikutpakde #bersamajuara #capres2024 #mendingprabowo #dekade08 #pemilu2024 https://t.co/rh4GYj7mra",
https://twitter.com/Sheila7717,"Najwa sihab ke kantor Pak Prabowo
#prabowo #prabowopresiden2024 #prabowopersatuanindonesia #trending #presiden2024 #prabowopeduli #ikutpakde #bersamajuara #capres2024 #mendingprabowo #dekade08 #pemilu2024 https://t.co/Cj2vy5SXeC",
https://twitter.com/TirtajayaPolsek,"Kapolri Jenderal Polisi Drs. Listyo Sigit Prabowo, https://t.co/HmvEWssDva., menjadi pemateri dalam Rakornas Badan Nasional Penanggulangan Bencana (BNPB) di Jakarta pada Kamis (2/3). Kapolri menyatakan pentingnya menguatkan manajemen risiko dalam
https://t.co/Jomy51bRxv",
https://twitter.com/cristinamelind4,"OK!
Shizuka  Khuntoria PN Jakpus Cleaning Service Doraemon Innalillahi KPAI Partai Prima Indomie Yatai Nobita bapak prabowo subianto Dota 2 yuta  ÂéöÂàá„Çä„Ç∏„Çß„Ç§„ÇΩ„É≥ Ê∏°Á±≥Áô∫Ë°® ÂÖÉËæ≤Ê∞¥ÁúÅÂÆòÂÉö Êó•ÈüìË≠∞ÈÄ£‰ºöÈï∑ „Çµ„Ç§„Éú„Ç¶„Ç∫ DBDÊò†ÁîªÂåñ Ê£ÆÂ¥é„É™„Éº„ÉÄ„Éº Ëªä„ÅÑ„Åô„ÉÜ„Éã„ÇπÂõΩÊûùÊÖéÂêæ„Åï„Çì  Resident Evil 4 Remake https://t.co/ptetOtDnw6",
https://twitter.com/SihumasResSkw,"Kapolri Bicarakan Upaya Manajemen Risiko Bencana

Kapolri Jenderal Polisi Drs. Listyo Sigit Prabowo, https://t.co/RK9srJAcIm., menekankan pentingnya penguatan manajemen risiko bencana alam di Indonesia. Hal tersebut untuk menindaklanjuti instruksi Presiden RI Ir. H. Joko Widodo https://t.co/mTSLuLf3qt",
https://twitter.com/DarekaRendy,"@Gerindra Saya setia selalu mendukung pak @prabowo 
Karna beliau pasti mampu memimpin bangsa ini dengan baiküáÆüá©",
https://twitter.com/SekTakkalalla,"Kapolri Bicarakan Upaya Manajemen Risiko Bencana

Kapolri Jenderal Polisi Drs. Listyo Sigit Prabowo, https://t.co/eVB0H3zurp., menekankan pentingnya penguatan manajemen risiko bencana alam di Indonesia. Hal tersebut untuk menindaklanjuti instruksi Presiden RI Ir. H. Joko Widodo https://t.co/CaAIRyJJAd",
https://twitter.com/PolresBengkaya1,"Kapolri Bicarakan Upaya Manajemen Risiko Bencana

Kapolri Jenderal Polisi Drs. Listyo Sigit Prabowo, https://t.co/O3o7oN0vjj., menekankan pentingnya penguatan manajemen risiko bencana alam di Indonesia. Hal tersebut untuk menindaklanjuti instruksi Presiden RI Ir. H. Joko Widodo https://t.co/9QfOEBgq05",
https://twitter.com/Ini_ajunk,"Gerindra-PKB Resmi Koalisi! Prabowo Pasti Nyapres, Wakilnya Belum Pasti - detikcom https://t.co/dhOYa1yBai #PrabowoPerkuatKesehatan #BangkitBersama",
https://twitter.com/Andre_ScoO,"Pasangan Pilpres Ganjar - Prabowo 
bakal pemenang pemilu tahun 2024

#GanjarPrabowo #MajuGanjarPrabowo #DukungGanjarPrabowo #GanjarPrabowoPilihanRakyat #IndonesiaMaju https://t.co/ZFqIib3daS",
https://twitter.com/HumasMimika,"Kapolri Bicarakan Upaya Manajemen Risiko Bencana

Kapolri Jenderal Polisi Drs. Listyo Sigit Prabowo, https://t.co/ydTXLaVc4m., menekankan pentingnya penguatan manajemen risiko bencana alam di Indonesia. Hal tersebut untuk menindaklanjuti instruksi Presiden RI Ir. H. Joko Widodo https://t.co/Cx1AnI0KjJ",
https://twitter.com/SekTakkalalla,"Kapolri Jenderal Polisi Drs. Listyo Sigit Prabowo, https://t.co/eVB0H3zurp., menjadi pemateri dalam Rakornas Badan Nasional Penanggulangan Bencana (BNPB) di Jakarta pada Kamis (2/3). Kapolri menyatakan pentingnya menguatkan manajemen risiko dalam menanggulangi potensi bencana https://t.co/N4eDp4AO9J",
https://twitter.com/muhamadprbw,"@asumsico Loh ga percaya saya, kan gratis, berita ini hoax pasti.
#SayaBersamaPolri",
https://twitter.com/HumasMimika,"Kapolri Buka Rakernis Gabungan Divisi Polri T.A. 2023

Kapolri Jenderal Polisi Drs. Listyo Sigit Prabowo, https://t.co/ydTXLaVc4m., secara resmi membuka rapat kerja teknis (rakernis) gabungan empat Divisi yakni Divisi Humas Polri, Divisi Hukum Polri, Divisi Propam Polri, https://t.co/EQobqZOZZ5",
https://twitter.com/SherynaTantri,"Jet Tempur Rafale Pesanan Prabowo Tiba di Indonesia Mulai 2026
#PrabowoUnggul #IkutPakde Prabowo Subianto",
https://twitter.com/PolresBengkaya1,"Kapolri Buka Rakernis Gabungan Divisi Polri T.A. 2023

Kapolri Jenderal Polisi Drs. Listyo Sigit Prabowo, https://t.co/O3o7oMZXtL., secara resmi membuka rapat kerja teknis (rakernis) gabungan empat Divisi yakni Divisi Humas Polri, Divisi Hukum Polri, Divisi Propam Polri, https://t.co/70TaYkac82",
https://twitter.com/ruang_redaksi,Prabowo Jadi Bakal Capres dengan Angka Pemilih Loyal Tertinggi https://t.co/c5Co7FH38p,
https://twitter.com/Humastrobkskota,"Kapolri Jenderal Polisi Drs. Listyo Sigit Prabowo, https://t.co/10oQWazWgs., menjadi pemateri dalam Rakornas Badan Nasional Penanggulangan Bencana (BNPB) di Jakarta pada Kamis (2/3). https://t.co/YX3wAPA7T0",
https://twitter.com/frmnsyh55775493,"Fakta Pindad Maung yang Dijajal Jokowi dan Prabowo
#PrabowoUnggul #IkutPakde Prabowo Subianto https://t.co/fzGfprGCV0",
https://twitter.com/SihumasResSkw,"Kapolri Buka Rakernis Gabungan Divisi Polri T.A. 2023

Kapolri Jenderal Polisi Drs. Listyo Sigit Prabowo, https://t.co/RK9srJAcIm., secara resmi membuka rapat kerja teknis (rakernis) gabungan https://t.co/4fKE3F63bG",
https://twitter.com/PolsekCangkuang,"Kapolri Jenderal Polisi Drs. Listyo Sigit Prabowo, https://t.co/Z44DQ5Cdzb., menjadi pemateri dalam Rakornas Badan Nasional Penanggulangan Bencana (BNPB) di Jakarta pada Kamis (2/3). Kapolri menyatakan pentingnya menguatkan manajemen risiko dalam menanggulangi potensi bencana https://t.co/Qf1c37HamJ",
https://twitter.com/UnameOne,"dipimpin langsung oleh Kepala Staf TNI AL Laksamana Muhammad Ali didampingi Komandan Korps Marinir Mayjen (Mar) Widodo Dwi Purwanto.

Prabowo Subianto
#PrabowoNana2024
#BangkitBersama",
https://twitter.com/Christprab,"@hrdbacot Diinterview onlen bapak2 dari bank, pas interview liat ada gitar di belakang ‚Äúkamu bisa maen gitar? Coba main‚Äù terus mainin lagu dewa dibilang ‚Äútua juga seleramu‚Äù hehe iya pak..",
https://twitter.com/C9Toko,"Kapolri Jenderal Polisi Drs. Listyo Sigit Prabowo, https://t.co/FS7pY7bzVA., menjadi pemateri dalam Rakornas Badan Nasional Penanggulangan Bencana (BNPB) di Jakarta pada Kamis (2/3). https://t.co/ANsT7to0Qw",
https://twitter.com/LawyerTito,@Android_AK_47 @prabowo Ya Allah saya tetap cinta dan mengenang bapak Soeharto,
